code,category,series,title,raw_id
W,일학습병행자격,L3,무선통신시공_L3_ver2.0,W_무선통신시공_L3_ver2.0
W,일학습병행자격,L4,구내방송통신설계_L4_ver2.0,W_구내방송통신설계_L4_ver2.0
W,일학습병행자격,L2,통신기기운용_L2_ver2.0,W_통신기기운용_L2_ver2.0
W,일학습병행자격,L3,유선통신운용_L3_ver2.0,W_유선통신운용_L3_ver2.0
W,일학습병행자격,L3,무선통신운용_L3_ver2.0,W_무선통신운용_L3_ver2.0
W,일학습병행자격,L4,방송제작운용_L4_ver2.0,W_방송제작운용_L4_ver2.0
W,일학습병행자격,L2,주조_L2_ver1.0,W_주조_L2_ver1.0
W,일학습병행자격,L6,화학공정설계_L6_ver1.0,W_화학공정설계_L6_ver1.0
W,일학습병행자격,L5,바이오의약품제조_L5_ver1.0,W_바이오의약품제조_L5_ver1.0
W,일학습병행자격,L5,석유화학제품제조(고분자복합재료)_L5_ver1.0,W_석유화학제품제조(고분자복합재료)_L5_ver1.0
W,일학습병행자격,L5,석유화학제품제조(비료)_L5_ver1.0,W_석유화학제품제조(비료)_L5_ver1.0
W,일학습병행자격,L5,석유화학제품제조(석유화학)_L5_ver1.0,W_석유화학제품제조(석유화학)_L5_ver1.0
W,일학습병행자격,L5,석유화학제품제조(합성고무)_L5_ver1.0,W_석유화학제품제조(합성고무)_L5_ver1.0
W,일학습병행자격,L2,창호시공_L2_ver2.0,W_창호시공_L2_ver2.0
W,일학습병행자격,L5,측량·지리정보개발_L5_20V1,W_측량·지리정보개발_L5_20V1
W,일학습병행자격,L3,건축설계_L3_20V1,W_건축설계_L3_20V1
W,일학습병행자격,L5,건축설계_L5_20V1,W_건축설계_L5_20V1
W,일학습병행자격,L5,건축구조설계_L5_20V1,W_건축구조설계_L5_20V1
W,일학습병행자격,L2,목공·수장시공_L2_20V1,W_목공·수장시공_L2_20V1
W,일학습병행자격,L2,미장·방수·타일시공_L2_20V1,W_미장·방수·타일시공_L2_20V1
W,일학습병행자격,L2,건축도장시공_L2_20V1,W_건축도장시공_L2_20V1
W,일학습병행자격,L2,철근콘크리트·가설시공_L2_20V1,W_철근콘크리트·가설시공_L2_20V1
W,일학습병행자격,L2,창호시공_L2_20V1,W_창호시공_L2_20V1
W,일학습병행자격,L2,단열시공_L2_20V1,W_단열시공_L2_20V1
W,일학습병행자격,L2,구조물해체_L2_20V1,W_구조물해체_L2_20V1
W,일학습병행자격,L2,강구조시공_L2_20V1,W_강구조시공_L2_20V1
W,일학습병행자격,L2,건축설비시공_L2_20V1,W_건축설비시공_L2_20V1
W,일학습병행자격,L3,건축설비_L3_20V1,W_건축설비_L3_20V1
W,일학습병행자격,L5,건축설비_L5_20V1,W_건축설비_L5_20V1
W,일학습병행자격,L3,산업환경기계설비_L3_20V1,W_산업환경기계설비_L3_20V1
W,일학습병행자격,L5,산업환경기계설비_L5_20V1,W_산업환경기계설비_L5_20V1
W,일학습병행자격,L3,산업환경전기·계측제어설비_L3_20V1,W_산업환경전기·계측제어설비_L3_20V1
W,일학습병행자격,L5,산업환경전기·계측제어설비_L5_20V1,W_산업환경전기·계측제어설비_L5_20V1
W,일학습병행자격,L2,조경_L2_20V1,W_조경_L2_20V1
W,일학습병행자격,L5,조경_L5_20V1,W_조경_L5_20V1
W,일학습병행자격,L5,도시계획_L5_20V1,W_도시계획_L5_20V1
W,일학습병행자격,L2,건설기계정비_L2_20V1,W_건설기계정비_L2_20V1
W,일학습병행자격,L2,지게차조종_L2_20V1,W_지게차조종_L2_20V1
W,일학습병행자격,L3,지게차정비_L3_20V1,W_지게차정비_L3_20V1
W,일학습병행자격,L2,건설용크레인조종_L2_20V1,W_건설용크레인조종_L2_20V1
W,일학습병행자격,L2,산업용크레인조종_L2_20V1,W_산업용크레인조종_L2_20V1
W,일학습병행자격,L3,굴삭기정비_L3_20V1,W_굴삭기정비_L3_20V1
W,일학습병행자격,L3,해양플랜트설치·운용관리_L3_20V1,W_해양플랜트설치·운용관리_L3_20V1
W,일학습병행자격,L5,해양플랜트설치·운용관리_L5_20V1,W_해양플랜트설치·운용관리_L5_20V1
W,일학습병행자격,L5,해양자원탐사개발관리_L5_20V1,W_해양자원탐사개발관리_L5_20V1
W,일학습병행자격,L2,전산응용기계설계_L2_20V1,W_전산응용기계설계_L2_20V1
W,일학습병행자격,L3,기계요소설계_L3_20V1,W_기계요소설계_L3_20V1
W,일학습병행자격,L4,구조해석설계_L4_20V1,W_구조해석설계_L4_20V1
W,일학습병행자격,L5,기계제어설계_L5_20V1,W_기계제어설계_L5_20V1
W,일학습병행자격,L2,선반가공_L2_20V1,W_선반가공_L2_20V1
W,일학습병행자격,L5,유선통신설계_L5_ver1.0,W_유선통신설계_L5_ver1.0
W,일학습병행자격,L4,IT시스템운영_L4_ver1.0,W_IT시스템운영_L4_ver1.0
W,일학습병행자격,L2,유선통신운용_L2_ver1.0,W_유선통신운용_L2_ver1.0
W,일학습병행자격,L3,건강기능식품가공(원료액상제조가공)_L3_ver1.0,W_건강기능식품가공(원료액상제조가공)_L3_ver1.0
W,일학습병행자격,L3,수산식품가공(냉동냉장)_L3_ver1.0,W_수산식품가공(냉동냉장)_L3_ver1.0
W,일학습병행자격,L3,수산식품가공(살균제품)_L3_ver1.0,W_수산식품가공(살균제품)_L3_ver1.0
W,일학습병행자격,L3,유제품가공(발효가공)_L3_ver1.0,W_유제품가공(발효가공)_L3_ver1.0
W,일학습병행자격,L3,축산식품가공(기타가공)_L3_ver1.0,W_축산식품가공(기타가공)_L3_ver1.0
W,일학습병행자격,L2,떡제조_L2_ver1.0,W_떡제조_L2_ver1.0
W,일학습병행자격,L5,주얼리디자이너·머천다이저(보석디자인)_L5_ver1.0,W_주얼리디자이너·머천다이저(보석디자인)_L5_ver1.0
W,일학습병행자격,L3,도자공예_L3_ver1.0,W_도자공예_L3_ver1.0
W,일학습병행자격,L3,주얼리디자이너·머천다이저(주얼리마케팅)_L3_ver1.0,W_주얼리디자이너·머천다이저(주얼리마케팅)_L3_ver1.0
W,일학습병행자격,L5,건설안전관리_L5_ver1.0,W_건설안전관리_L5_ver1.0
W,일학습병행자격,L5,바이오에너지생산기술_L5_ver1.0,W_바이오에너지생산기술_L5_ver1.0
W,일학습병행자격,L5,자원순환관리_L5_ver1.0,W_자원순환관리_L5_ver1.0
W,일학습병행자격,L3,광산보안·화약류관리_L3_ver1.0,W_광산보안·화약류관리_L3_ver1.0
W,일학습병행자격,L3,생태복원관리_L3_ver1.0,W_생태복원관리_L3_ver1.0
W,일학습병행자격,L3,풍력에너지생산기술_L3_ver1.0,W_풍력에너지생산기술_L3_ver1.0
W,일학습병행자격,L5,수산자원관리_L5_ver1.0,W_수산자원관리_L5_ver1.0
W,일학습병행자격,L4,어촌체험관리_L4_ver1.0,W_어촌체험관리_L4_ver1.0
W,일학습병행자격,L3,돼지사육_L3_ver1.0,W_돼지사육_L3_ver1.0
W,일학습병행자격,L3,씨앗생산_L3_ver1.0,W_씨앗생산_L3_ver1.0
W,일학습병행자격,L5,정밀화학제품제조(의약품)_L5_ver1.0,W_정밀화학제품제조(의약품)_L5_ver1.0
W,일학습병행자격,L3,정밀화학제품제조(도료)_L3_ver1.0,W_정밀화학제품제조(도료)_L3_ver1.0
W,일학습병행자격,L5,광산·조사탐사_L5_ver1.0,W_광산·조사탐사_L5_ver1.0
W,일학습병행자격,L5,광산보안·화약류관리_L5_ver1.0,W_광산보안·화약류관리_L5_ver1.0
W,일학습병행자격,L5,광산환경관리_L5_ver1.0,W_광산환경관리_L5_ver1.0
W,일학습병행자격,L5,비파괴검사관리_L5_ver1.0,W_비파괴검사관리_L5_ver1.0
W,일학습병행자격,L5,산업보건관리_L5_ver1.0,W_산업보건관리_L5_ver1.0
W,일학습병행자격,L5,생태복원관리_L5_ver1.0,W_생태복원관리_L5_ver1.0
W,일학습병행자격,L5,수질관리_L5_ver1.0,W_수질관리_L5_ver1.0
W,일학습병행자격,L5,연료전지에너지생산기술_L5_ver1.0,W_연료전지에너지생산기술_L5_ver1.0
W,일학습병행자격,L5,태양광에너지생산기술_L5_ver1.0,W_태양광에너지생산기술_L5_ver1.0
W,일학습병행자격,L5,태양열에너지생산기술_L5_ver1.0,W_태양열에너지생산기술_L5_ver1.0
W,일학습병행자격,L3,이용_L3_ver2.0,W_이용_L3_ver2.0
W,일학습병행자격,L5,이용_L5_ver2.0,W_이용_L5_ver2.0
W,일학습병행자격,L2,메이크업디자인_L2_ver2.0,W_메이크업디자인_L2_ver2.0
W,일학습병행자격,L3,메이크업디자인_L3_ver2.0,W_메이크업디자인_L3_ver2.0
W,일학습병행자격,L3,웨딩이벤트매니저_L3_ver2.0,W_웨딩이벤트매니저_L3_ver2.0
W,일학습병행자격,L3,웨딩플래너_L3_ver2.0,W_웨딩플래너_L3_ver2.0
W,일학습병행자격,L3,장례지도_L3_ver2.0,W_장례지도_L3_ver2.0
W,일학습병행자격,L3,장례시설관리_L3_ver2.0,W_장례시설관리_L3_ver2.0
W,일학습병행자격,L4,카지노기획개발_L4_ver2.0,W_카지노기획개발_L4_ver2.0
W,일학습병행자격,L4,크루즈운영관리_L4_ver2.0,W_크루즈운영관리_L4_ver2.0
W,일학습병행자격,L3,컨벤션기획_L3_ver2.0,W_컨벤션기획_L3_ver2.0
W,일학습병행자격,L5,컨벤션기획_L5_ver2.0,W_컨벤션기획_L5_ver2.0
W,일학습병행자격,L3,여행안내_L3_ver2.0,W_여행안내_L3_ver2.0
W,일학습병행자격,L5,여행상품기획_L5_ver2.0,W_여행상품기획_L5_ver2.0
W,일학습병행자격,L3,항공객실서비스_L3_ver2.0,W_항공객실서비스_L3_ver2.0
W,일학습병행자격,L3,호텔객실서비스_L3_ver2.0,W_호텔객실서비스_L3_ver2.0
W,일학습병행자격,L3,호텔식음료서비스_L3_ver2.0,W_호텔식음료서비스_L3_ver2.0
W,일학습병행자격,L5,호텔관리_L5_ver2.0,W_호텔관리_L5_ver2.0
W,일학습병행자격,L3,퍼스널트레이닝_L3_ver2.0,W_퍼스널트레이닝_L3_ver2.0
W,일학습병행자격,L4,피트니스건강관리_L4_ver2.0,W_피트니스건강관리_L4_ver2.0
W,일학습병행자격,L3,건강운동체형관리_L3_ver2.0,W_건강운동체형관리_L3_ver2.0
W,일학습병행자격,L4,스포츠클럽관리_L4_ver2.0,W_스포츠클럽관리_L4_ver2.0
W,일학습병행자격,L3,여가레크리에이션지도_L3_ver2.0,W_여가레크리에이션지도_L3_ver2.0
W,일학습병행자격,L3,스포츠관광플래닝_L3_ver2.0,W_스포츠관광플래닝_L3_ver2.0
W,일학습병행자격,L2,한식조리_L2_ver2.0,W_한식조리_L2_ver2.0
W,일학습병행자격,L4,한식조리_L4_ver2.0,W_한식조리_L4_ver2.0
W,일학습병행자격,L2,양식조리_L2_ver2.0,W_양식조리_L2_ver2.0
W,일학습병행자격,L4,양식조리_L4_ver2.0,W_양식조리_L4_ver2.0
W,일학습병행자격,L2,중식조리_L2_ver2.0,W_중식조리_L2_ver2.0
W,일학습병행자격,L4,중식조리_L4_ver2.0,W_중식조리_L4_ver2.0
W,일학습병행자격,L2,일식조리_L2_ver2.0,W_일식조리_L2_ver2.0
W,일학습병행자격,L4,일식조리_L4_ver2.0,W_일식조리_L4_ver2.0
W,일학습병행자격,L2,복어조리_L2_ver2.0,W_복어조리_L2_ver2.0
W,일학습병행자격,L4,복어조리_L4_ver2.0,W_복어조리_L4_ver2.0
W,일학습병행자격,L3,식음료서비스_L3_ver2.0,W_식음료서비스_L3_ver2.0
W,일학습병행자격,L3,CNC밀링가공_L3_ver2.0,W_CNC밀링가공_L3_ver2.0
W,일학습병행자격,L2,밀링가공_L2_20V1,W_밀링가공_L2_20V1
W,일학습병행자격,L3,연삭가공_L3_20V1,W_연삭가공_L3_20V1
W,일학습병행자격,L3,CNC선반가공_L3_20V1,W_CNC선반가공_L3_20V1
W,일학습병행자격,L3,CNC밀링가공_L3_20V1,W_CNC밀링가공_L3_20V1
W,일학습병행자격,L3,와이어방전가공_L3_20V1,W_와이어방전가공_L3_20V1
W,일학습병행자격,L4,형조방전가공_L4_20V1,W_형조방전가공_L4_20V1
W,일학습병행자격,L3,레이저가공_L3_20V1,W_레이저가공_L3_20V1
W,일학습병행자격,L3,기계장치조립_L3_20V1,W_기계장치조립_L3_20V1
W,일학습병행자격,L2,기계요소조립_L2_20V1,W_기계요소조립_L2_20V1
W,일학습병행자격,L3,기계장치제어_L3_20V1,W_기계장치제어_L3_20V1
W,일학습병행자격,L4,기계생산관리_L4_20V1,W_기계생산관리_L4_20V1
W,일학습병행자격,L5,기계생산관리_L5_20V1,W_기계생산관리_L5_20V1
W,일학습병행자격,L4,기계품질경영_L4_20V1,W_기계품질경영_L4_20V1
W,일학습병행자격,L5,기계품질경영_L5_20V1,W_기계품질경영_L5_20V1
W,일학습병행자격,L3,동력기계설치·정비_L3_20V1,W_동력기계설치·정비_L3_20V1
W,일학습병행자격,L3,생산기계설치·정비_L3_20V1,W_생산기계설치·정비_L3_20V1
W,일학습병행자격,L4,생산기계설치·정비_L4_20V1,W_생산기계설치·정비_L4_20V1
W,일학습병행자격,L3,승강기유지관리_L3_20V1,W_승강기유지관리_L3_20V1
W,일학습병행자격,L3,승강기설치_L3_20V1,W_승강기설치_L3_20V1
W,일학습병행자격,L2,냉동공조설치_L2_20V1,W_냉동공조설치_L2_20V1
W,일학습병행자격,L3,냉동공조설계_L3_20V1,W_냉동공조설계_L3_20V1
W,일학습병행자격,L3,냉동공조운영관리_L3_20V1,W_냉동공조운영관리_L3_20V1
W,일학습병행자격,L5,자동차시험평가_L5_20V1,W_자동차시험평가_L5_20V1
W,일학습병행자격,L2,자동차정비_L2_20V1,W_자동차정비_L2_20V1
W,일학습병행자격,L3,자동차정비_L3_20V1,W_자동차정비_L3_20V1
W,일학습병행자격,L2,자동차차체정비_L2_20V1,W_자동차차체정비_L2_20V1
W,일학습병행자격,L2,자동차보수도장_L2_20V1,W_자동차보수도장_L2_20V1
W,일학습병행자격,L3,자동차차체도장_L3_20V1,W_자동차차체도장_L3_20V1
W,일학습병행자격,L3,선체설계_L3_20V1,W_선체설계_L3_20V1
W,일학습병행자격,L5,선체설계_L5_20V1,W_선체설계_L5_20V1
W,일학습병행자격,L5,선박기본설계_L5_20V1,W_선박기본설계_L5_20V1
W,일학습병행자격,L3,선박의장설계_L3_20V1,W_선박의장설계_L3_20V1
W,일학습병행자격,L5,선박의장설계_L5_20V1,W_선박의장설계_L5_20V1
W,일학습병행자격,L2,선박선체건조_L2_20V1,W_선박선체건조_L2_20V1
W,일학습병행자격,L4,선박선체건조_L4_20V1,W_선박선체건조_L4_20V1
W,일학습병행자격,L5,폐자원에너지생산기술_L5_ver1.0,W_폐자원에너지생산기술_L5_ver1.0
W,일학습병행자격,L5,환경영향평가_L5_ver1.0,W_환경영향평가_L5_ver1.0
W,일학습병행자격,L5,환경컨설턴트_L5_ver1.0,W_환경컨설턴트_L5_ver1.0
W,일학습병행자격,L3,건설안전관리_L3_ver1.0,W_건설안전관리_L3_ver1.0
W,일학습병행자격,L3,광물·석유자원개발_L3_ver1.0,W_광물·석유자원개발_L3_ver1.0
W,일학습병행자격,L3,냉동공조운영관리_L3_ver2.0,W_냉동공조운영관리_L3_ver2.0
W,일학습병행자격,L5,자동차설계_L5_ver2.0,W_자동차설계_L5_ver2.0
W,일학습병행자격,L5,자동차시험평가_L5_ver2.0,W_자동차시험평가_L5_ver2.0
W,일학습병행자격,L2,자동차정비_L2_ver2.0,W_자동차정비_L2_ver2.0
W,일학습병행자격,L3,자동차정비_L3_ver2.0,W_자동차정비_L3_ver2.0
W,일학습병행자격,L2,자동차차체정비_L2_ver2.0,W_자동차차체정비_L2_ver2.0
W,일학습병행자격,L2,자동차보수도장_L2_ver2.0,W_자동차보수도장_L2_ver2.0
W,일학습병행자격,L3,자동차차체도장_L3_ver2.0,W_자동차차체도장_L3_ver2.0
W,일학습병행자격,L3,철도차량유지보수_L3_ver2.0,W_철도차량유지보수_L3_ver2.0
W,일학습병행자격,L5,철도차량유지보수_L5_ver2.0,W_철도차량유지보수_L5_ver2.0
W,일학습병행자격,L5,철도차량설계_L5_ver2.0,W_철도차량설계_L5_ver2.0
W,일학습병행자격,L3,선체설계_L3_ver2.0,W_선체설계_L3_ver2.0
W,일학습병행자격,L5,선체설계_L5_ver2.0,W_선체설계_L5_ver2.0
W,일학습병행자격,L5,선박기본설계_L5_ver2.0,W_선박기본설계_L5_ver2.0
W,일학습병행자격,L3,선박의장설계_L3_ver2.0,W_선박의장설계_L3_ver2.0
W,일학습병행자격,L5,선박의장설계_L5_ver2.0,W_선박의장설계_L5_ver2.0
W,일학습병행자격,L2,선박선체건조_L2_ver2.0,W_선박선체건조_L2_ver2.0
W,일학습병행자격,L2,선박의장_L2_ver2.0,W_선박의장_L2_ver2.0
W,일학습병행자격,L4,선박의장_L4_ver2.0,W_선박의장_L4_ver2.0
W,일학습병행자격,L3,선박시운전정비_L3_ver2.0,W_선박시운전정비_L3_ver2.0
W,일학습병행자격,L4,선박시운전정비_L4_ver2.0,W_선박시운전정비_L4_ver2.0
W,일학습병행자격,L3,항공기기체정비_L3_ver2.0,W_항공기기체정비_L3_ver2.0
W,일학습병행자격,L3,항공기전자장치정비_L3_ver2.0,W_항공기전자장치정비_L3_ver2.0
W,일학습병행자격,L5,항공기정비_L5_ver2.0,W_항공기정비_L5_ver2.0
W,일학습병행자격,L5,헬리콥터정비_L5_ver2.0,W_헬리콥터정비_L5_ver2.0
W,일학습병행자격,L3,항공기엔진정비_L3_ver2.0,W_항공기엔진정비_L3_ver2.0
W,일학습병행자격,L5,사출금형설계_L5_ver2.0,W_사출금형설계_L5_ver2.0
W,일학습병행자격,L4,원단생산관리(편직)_L4_ver1.0,W_원단생산관리(편직)_L4_ver1.0
W,일학습병행자격,L4,전자기기기획_L4_ver1.0,W_전자기기기획_L4_ver1.0
W,일학습병행자격,L2,전자기기기구개발_L2_ver1.0,W_전자기기기구개발_L2_ver1.0
W,일학습병행자격,L3,SW개발_L3_ver1.0,W_SW개발_L3_ver1.0
W,일학습병행자격,L4,방송시스템운용_L4_ver2.0,W_방송시스템운용_L4_ver2.0
W,일학습병행자격,L5,방송시스템관리_L5_ver2.0,W_방송시스템관리_L5_ver2.0
W,일학습병행자격,L2,수산식품가공_L2_ver2.0,W_수산식품가공_L2_ver2.0
W,일학습병행자격,L3,수산식품가공_L3_ver2.0,W_수산식품가공_L3_ver2.0
W,일학습병행자격,L2,두부류제조가공_L2_ver2.0,W_두부류제조가공_L2_ver2.0
W,일학습병행자격,L2,축산식품가공_L2_ver2.0,W_축산식품가공_L2_ver2.0
W,일학습병행자격,L3,축산식품가공_L3_ver2.0,W_축산식품가공_L3_ver2.0
W,일학습병행자격,L3,유가공_L3_ver2.0,W_유가공_L3_ver2.0
W,일학습병행자격,L3,건강기능식품가공_L3_ver2.0,W_건강기능식품가공_L3_ver2.0
W,일학습병행자격,L2,김치류제조가공_L2_ver2.0,W_김치류제조가공_L2_ver2.0
W,일학습병행자격,L2,면류제조_L2_ver2.0,W_면류제조_L2_ver2.0
W,일학습병행자격,L2,곡류가공_L2_ver2.0,W_곡류가공_L2_ver2.0
W,일학습병행자격,L2,음료제조가공_L2_ver2.0,W_음료제조가공_L2_ver2.0
W,일학습병행자격,L5,식품가공연구개발_L5_ver2.0,W_식품가공연구개발_L5_ver2.0
W,일학습병행자격,L3,수산식품저장·유통_L3_ver2.0,W_수산식품저장·유통_L3_ver2.0
W,일학습병행자격,L3,농산식품저장·유통_L3_ver2.0,W_농산식품저장·유통_L3_ver2.0
W,일학습병행자격,L3,축산식품저장·유통_L3_ver2.0,W_축산식품저장·유통_L3_ver2.0
W,일학습병행자격,L2,제과_L2_ver2.0,W_제과_L2_ver2.0
W,일학습병행자격,L2,떡제조_L2_ver2.0,W_떡제조_L2_ver2.0
W,일학습병행자격,L5,출판콘텐츠연출가_L5_ver2.0,W_출판콘텐츠연출가_L5_ver2.0
W,일학습병행자격,L3,편집디자이너_L3_ver2.0,W_편집디자이너_L3_ver2.0
W,일학습병행자격,L2,선박의장_L2_20V1,W_선박의장_L2_20V1
W,일학습병행자격,L4,선박의장_L4_20V1,W_선박의장_L4_20V1
W,일학습병행자격,L3,선박시운전정비_L3_20V1,W_선박시운전정비_L3_20V1
W,일학습병행자격,L4,선박시운전정비_L4_20V1,W_선박시운전정비_L4_20V1
W,일학습병행자격,L3,항공기부품제작_L3_20V1,W_항공기부품제작_L3_20V1
W,일학습병행자격,L3,항공기기체정비_L3_20V1,W_항공기기체정비_L3_20V1
W,일학습병행자격,L5,항공기정비_L5_20V1,W_항공기정비_L5_20V1
W,일학습병행자격,L3,사출금형설계_L3_20V1,W_사출금형설계_L3_20V1
W,일학습병행자격,L5,사출금형설계_L5_20V1,W_사출금형설계_L5_20V1
W,일학습병행자격,L3,사출금형제작_L3_20V1,W_사출금형제작_L3_20V1
W,일학습병행자격,L3,프레스금형설계_L3_20V1,W_프레스금형설계_L3_20V1
W,일학습병행자격,L5,프레스금형설계_L5_20V1,W_프레스금형설계_L5_20V1
W,일학습병행자격,L3,프레스금형제작_L3_20V1,W_프레스금형제작_L3_20V1
W,일학습병행자격,L3,금속재료평가_L3_20V1,W_금속재료평가_L3_20V1
W,일학습병행자격,L4,금속재료평가_L4_20V1,W_금속재료평가_L4_20V1
W,일학습병행자격,L5,금속재료설계_L5_20V1,W_금속재료설계_L5_20V1
W,일학습병행자격,L2,제선_L2_20V1,W_제선_L2_20V1
W,일학습병행자격,L4,제선_L4_20V1,W_제선_L4_20V1
W,일학습병행자격,L2,제강_L2_20V1,W_제강_L2_20V1
W,일학습병행자격,L4,제강_L4_20V1,W_제강_L4_20V1
W,일학습병행자격,L2,열간압연_L2_20V1,W_열간압연_L2_20V1
W,일학습병행자격,L2,냉간압연_L2_20V1,W_냉간압연_L2_20V1
W,일학습병행자격,L4,냉간압연_L4_20V1,W_냉간압연_L4_20V1
W,일학습병행자격,L2,비철금속건식제련_L2_20V1,W_비철금속건식제련_L2_20V1
W,일학습병행자격,L4,비철금속건식제련_L4_20V1,W_비철금속건식제련_L4_20V1
W,일학습병행자격,L2,비철금속습식제련_L2_20V1,W_비철금속습식제련_L2_20V1
W,일학습병행자격,L4,비철금속습식제련_L4_20V1,W_비철금속습식제련_L4_20V1
W,일학습병행자격,L2,주조_L2_20V1,W_주조_L2_20V1
W,일학습병행자격,L4,주조_L4_20V1,W_주조_L4_20V1
W,일학습병행자격,L3,단조압출인발(단조)_L3_20V1,W_단조압출인발(단조)_L3_20V1
W,일학습병행자격,L3,단조압출인발(압출인발)_L3_20V1,W_단조압출인발(압출인발)_L3_20V1
W,일학습병행자격,L2,열처리_L2_20V1,W_열처리_L2_20V1
W,일학습병행자격,L4,열처리_L4_20V1,W_열처리_L4_20V1
W,일학습병행자격,L2,선재가공_L2_20V1,W_선재가공_L2_20V1
W,일학습병행자격,L4,선재가공_L4_20V1,W_선재가공_L4_20V1
W,일학습병행자격,L3,판금제관_L3_20V1,W_판금제관_L3_20V1
W,일학습병행자격,L4,판금제관_L4_20V1,W_판금제관_L4_20V1
W,일학습병행자격,L5,직업상담_L5_ver1.0,W_직업상담_L5_ver1.0
W,일학습병행자격,L5,청소년상담복지_L5_ver1.0,W_청소년상담복지_L5_ver1.0
W,일학습병행자격,L4,취업컨설턴트_L4_ver1.0,W_취업컨설턴트_L4_ver1.0
W,일학습병행자격,L3,사회복지서비스_L3_ver1.0,W_사회복지서비스_L3_ver1.0
W,일학습병행자격,L5,게임그래픽_L5_ver1.0,W_게임그래픽_L5_ver1.0
W,일학습병행자격,L5,게임프로그래밍_L5_ver1.0,W_게임프로그래밍_L5_ver1.0
W,일학습병행자격,L5,공연기계장치_L5_ver1.0,W_공연기계장치_L5_ver1.0
W,일학습병행자격,L5,공연무대감독_L5_ver1.0,W_공연무대감독_L5_ver1.0
W,일학습병행자격,L5,공연무대제작_L5_ver1.0,W_공연무대제작_L5_ver1.0
W,일학습병행자격,L5,공연연출_L5_ver1.0,W_공연연출_L5_ver1.0
W,일학습병행자격,L5,공연조명_L5_ver1.0,W_공연조명_L5_ver1.0
W,일학습병행자격,L5,공연하우스매니저_L5_ver1.0,W_공연하우스매니저_L5_ver1.0
W,일학습병행자격,L5,문헌정보_L5_ver1.0,W_문헌정보_L5_ver1.0
W,일학습병행자격,L5,방송제작_L5_ver1.0,W_방송제작_L5_ver1.0
W,일학습병행자격,L5,보존연구_L5_ver1.0,W_보존연구_L5_ver1.0
W,일학습병행자격,L5,보존처리_L5_ver1.0,W_보존처리_L5_ver1.0
W,일학습병행자격,L5,사진-리터칭_L5_ver1.0,W_사진-리터칭_L5_ver1.0
W,일학습병행자격,L5,사진촬영_L5_ver1.0,W_사진촬영_L5_ver1.0
W,일학습병행자격,L5,시각디자인_L5_ver1.0,W_시각디자인_L5_ver1.0
W,일학습병행자격,L5,실내디자인_L5_ver1.0,W_실내디자인_L5_ver1.0
W,일학습병행자격,L5,실용음악예술(비즈니스)_L5_ver1.0,W_실용음악예술(비즈니스)_L5_ver1.0
W,일학습병행자격,L5,실용음악예술(크리에이티브)_L5_ver1.0,W_실용음악예술(크리에이티브)_L5_ver1.0
W,일학습병행자격,L5,영화제작_L5_ver1.0,W_영화제작_L5_ver1.0
W,일학습병행자격,L5,제품디자인_L5_ver1.0,W_제품디자인_L5_ver1.0
W,일학습병행자격,L5,환경디자인_L5_ver1.0,W_환경디자인_L5_ver1.0
W,일학습병행자격,L4,문화재보수기능기술(기와)_L4_ver1.0,W_문화재보수기능기술(기와)_L4_ver1.0
W,일학습병행자격,L4,문화재보수기능기술(목조)_L4_ver1.0,W_문화재보수기능기술(목조)_L4_ver1.0
W,일학습병행자격,L4,문화재보수기능기술(미장)_L4_ver1.0,W_문화재보수기능기술(미장)_L4_ver1.0
W,일학습병행자격,L4,문화재보수기능기술(석조)_L4_ver1.0,W_문화재보수기능기술(석조)_L4_ver1.0
W,일학습병행자격,L4,문화재보수기능기술(온돌)_L4_ver1.0,W_문화재보수기능기술(온돌)_L4_ver1.0
W,일학습병행자격,L3,소방공사관리_L3_ver1.0,W_소방공사관리_L3_ver1.0
W,일학습병행자격,L5,사회복지서비스_L5_ver1.0,W_사회복지서비스_L5_ver1.0
W,일학습병행자격,L4,청소년활동_L4_ver1.0,W_청소년활동_L4_ver1.0
W,일학습병행자격,L5,공연기술감독_L5_ver1.0,W_공연기술감독_L5_ver1.0
W,일학습병행자격,L5,공연영상_L5_ver1.0,W_공연영상_L5_ver1.0
W,일학습병행자격,L5,해상교통관제_L5_ver1.0,W_해상교통관제_L5_ver1.0
W,일학습병행자격,L5,자산운용_L5_ver1.0,W_자산운용_L5_ver1.0
W,일학습병행자격,L3,공연조명_L3_ver1.0,W_공연조명_L3_ver1.0
W,일학습병행자격,L5,공연무대의상_L5_ver1.0,W_공연무대의상_L5_ver1.0
W,일학습병행자격,L5,학예_L5_ver1.0,W_학예_L5_ver1.0
W,일학습병행자격,L3,호텔객실(서비스사)_L3_ver1.0,W_호텔객실(서비스사)_L3_ver1.0
W,일학습병행자격,L3,토목설계_L3_ver1.0,W_토목설계_L3_ver1.0
W,일학습병행자격,L5,해양측량관측_L5_ver1.0,W_해양측량관측_L5_ver1.0
W,일학습병행자격,L5,항공기정비_L5_ver1.0,W_항공기정비_L5_ver1.0
W,일학습병행자격,L2,탄소제품제조_L2_ver1.0,W_탄소제품제조_L2_ver1.0
W,일학습병행자격,L3,석유화학제품제조(산알칼리)_L3_ver1.0,W_석유화학제품제조(산알칼리)_L3_ver1.0
W,일학습병행자격,L4,신발제조_L4_ver1.0,W_신발제조_L4_ver1.0
W,일학습병행자격,L2,전기시공_L2_ver1.0,W_전기시공_L2_ver1.0
W,일학습병행자격,L5,철도신호시공_L5_ver1.0,W_철도신호시공_L5_ver1.0
W,일학습병행자격,L3,유제품가공(농축건조)_L3_ver1.0,W_유제품가공(농축건조)_L3_ver1.0
W,일학습병행자격,L3,어로관리_L3_ver1.0,W_어로관리_L3_ver1.0
W,일학습병행자격,L3,마케팅·커뮤니케이션_L3_ver2.0,W_마케팅·커뮤니케이션_L3_ver2.0
W,일학습병행자격,L5,광고·홍보_L5_ver2.0,W_광고·홍보_L5_ver2.0
W,일학습병행자격,L5,마케팅전략기획_L5_ver2.0,W_마케팅전략기획_L5_ver2.0
W,일학습병행자격,L5,마케팅통계분석_L5_ver2.0,W_마케팅통계분석_L5_ver2.0
W,일학습병행자격,L3,총무·인사_L3_ver2.0,W_총무·인사_L3_ver2.0
W,일학습병행자격,L5,총무·인사_L5_ver2.0,W_총무·인사_L5_ver2.0
W,일학습병행자격,L2,세무·회계정보관리_L2_ver2.0,W_세무·회계정보관리_L2_ver2.0
W,일학습병행자격,L3,세무·회계정보관리_L3_ver2.0,W_세무·회계정보관리_L3_ver2.0
W,일학습병행자격,L4,산업물류_L4_ver2.0,W_산업물류_L4_ver2.0
W,일학습병행자격,L3,생산관리_L3_ver2.0,W_생산관리_L3_ver2.0
W,일학습병행자격,L5,생산관리_L5_ver2.0,W_생산관리_L5_ver2.0
W,일학습병행자격,L3,품질경영_L3_ver2.0,W_품질경영_L3_ver2.0
W,일학습병행자격,L5,품질경영_L5_ver2.0,W_품질경영_L5_ver2.0
W,일학습병행자격,L5,은행금융자산관리_L5_ver2.0,W_은행금융자산관리_L5_ver2.0
W,일학습병행자격,L5,증권금융자산관리_L5_ver2.0,W_증권금융자산관리_L5_ver2.0
W,일학습병행자격,L5,신용분석_L5_ver2.0,W_신용분석_L5_ver2.0
W,일학습병행자격,L5,채권관리_L5_ver2.0,W_채권관리_L5_ver2.0
W,일학습병행자격,L3,신용카드운영_L3_ver2.0,W_신용카드운영_L3_ver2.0
W,일학습병행자격,L5,투자금융(IB)_L5_ver2.0,W_투자금융(IB)_L5_ver2.0
W,일학습병행자격,L3,보험영업·계약관리_L3_ver2.0,W_보험영업·계약관리_L3_ver2.0
W,일학습병행자격,L5,보험영업·계약관리_L5_ver2.0,W_보험영업·계약관리_L5_ver2.0
W,일학습병행자격,L5,출판에디터_L5_ver2.0,W_출판에디터_L5_ver2.0
W,일학습병행자격,L2,평판인쇄_L2_ver2.0,W_평판인쇄_L2_ver2.0
W,일학습병행자격,L4,프리프레스_L4_ver2.0,W_프리프레스_L4_ver2.0
W,일학습병행자격,L3,특수인쇄_L3_ver2.0,W_특수인쇄_L3_ver2.0
W,일학습병행자격,L3,소믈리에_L3_ver2.0,W_소믈리에_L3_ver2.0
W,일학습병행자격,L3,바리스타_L3_ver2.0,W_바리스타_L3_ver2.0
W,일학습병행자격,L3,바텐더_L3_ver2.0,W_바텐더_L3_ver2.0
W,일학습병행자격,L3,토목·건축관리_L3_ver2.0,W_토목·건축관리_L3_ver2.0
W,일학습병행자격,L2,토공·포장_L2_ver2.0,W_토공·포장_L2_ver2.0
W,일학습병행자격,L3,토목설계_L3_ver2.0,W_토목설계_L3_ver2.0
W,일학습병행자격,L5,토목설계_L5_ver2.0,W_토목설계_L5_ver2.0
W,일학습병행자격,L3,상하수도시공_L3_ver2.0,W_상하수도시공_L3_ver2.0
W,일학습병행자격,L2,궤도시공_L2_ver2.0,W_궤도시공_L2_ver2.0
W,일학습병행자격,L2,수중구조물시공및준설_L2_ver2.0,W_수중구조물시공및준설_L2_ver2.0
W,일학습병행자격,L5,토목시공관리_L5_ver2.0,W_토목시공관리_L5_ver2.0
W,일학습병행자격,L2,측량·지리정보개발_L2_ver2.0,W_측량·지리정보개발_L2_ver2.0
W,일학습병행자격,L5,측량·지리정보개발_L5_ver2.0,W_측량·지리정보개발_L5_ver2.0
W,일학습병행자격,L3,건축설계_L3_ver2.0,W_건축설계_L3_ver2.0
W,일학습병행자격,L5,건축구조설계_L5_ver2.0,W_건축구조설계_L5_ver2.0
W,일학습병행자격,L2,목공·수장시공_L2_ver2.0,W_목공·수장시공_L2_ver2.0
W,일학습병행자격,L2,미장·방수·타일시공_L2_ver2.0,W_미장·방수·타일시공_L2_ver2.0
W,일학습병행자격,L2,건축도장시공_L2_ver2.0,W_건축도장시공_L2_ver2.0
W,일학습병행자격,L2,철근콘크리트·가설시공_L2_ver2.0,W_철근콘크리트·가설시공_L2_ver2.0
W,일학습병행자격,L5,석유화학제품제조(합성원료)_L5_ver1.0,W_석유화학제품제조(합성원료)_L5_ver1.0
W,일학습병행자격,L5,정밀화학제품제조(계면활성제)_L5_ver1.0,W_정밀화학제품제조(계면활성제)_L5_ver1.0
W,일학습병행자격,L5,정밀화학제품제조(농약)_L5_ver1.0,W_정밀화학제품제조(농약)_L5_ver1.0
W,일학습병행자격,L5,정밀화학제품제조(색소)_L5_ver1.0,W_정밀화학제품제조(색소)_L5_ver1.0
W,일학습병행자격,L5,정밀화학제품제조(접착제)_L5_ver1.0,W_정밀화학제품제조(접착제)_L5_ver1.0
W,일학습병행자격,L5,정밀화학제품제조(첨가제)_L5_ver1.0,W_정밀화학제품제조(첨가제)_L5_ver1.0
W,일학습병행자격,L5,플라스틱제품제조(사출)_L5_ver1.0,W_플라스틱제품제조(사출)_L5_ver1.0
W,일학습병행자격,L5,플라스틱제품제조(중공진공)_L5_ver1.0,W_플라스틱제품제조(중공진공)_L5_ver1.0
W,일학습병행자격,L5,플라스틱제품제조(코팅)_L5_ver1.0,W_플라스틱제품제조(코팅)_L5_ver1.0
W,일학습병행자격,L5,화학공정유지운영_L5_ver1.0,W_화학공정유지운영_L5_ver1.0
W,일학습병행자격,L5,화학물질분석_L5_ver1.0,W_화학물질분석_L5_ver1.0
W,일학습병행자격,L5,화학물질취급관리_L5_ver1.0,W_화학물질취급관리_L5_ver1.0
W,일학습병행자격,L4,선박의장_L4_ver3.0,W_선박의장_L4_ver3.0
W,일학습병행자격,L3,항공기기체정비_L3_ver3.0,W_항공기기체정비_L3_ver3.0
W,일학습병행자격,L2,강관제조_L2_20V1,W_강관제조_L2_20V1
W,일학습병행자격,L4,강관제조_L4_20V1,W_강관제조_L4_20V1
W,일학습병행자격,L2,도금_L2_20V1,W_도금_L2_20V1
W,일학습병행자격,L4,도금_L4_20V1,W_도금_L4_20V1
W,일학습병행자격,L2,금속도장_L2_20V1,W_금속도장_L2_20V1
W,일학습병행자격,L4,금속도장_L4_20V1,W_금속도장_L4_20V1
W,일학습병행자격,L2,수동용접(CO2용접)_L2_20V1,W_수동용접(CO2용접)_L2_20V1
W,일학습병행자격,L2,수동용접(가스텅스텐아크용접)_L2_20V1,W_수동용접(가스텅스텐아크용접)_L2_20V1
W,일학습병행자격,L2,수동용접(가스메탈아크용접)_L2_20V1,W_수동용접(가스메탈아크용접)_L2_20V1
W,일학습병행자격,L4,수동용접(CO2용접)_L4_20V1,W_수동용접(CO2용접)_L4_20V1
W,일학습병행자격,L4,수동용접(가스텅스텐아크용접)_L4_20V1,W_수동용접(가스텅스텐아크용접)_L4_20V1
W,일학습병행자격,L4,수동용접(가스메탈아크용접)_L4_20V1,W_수동용접(가스메탈아크용접)_L4_20V1
W,일학습병행자격,L2,자동용접(로봇용접)_L2_20V1,W_자동용접(로봇용접)_L2_20V1
W,일학습병행자격,L4,자동용접(로봇용접)_L4_20V1,W_자동용접(로봇용접)_L4_20V1
W,일학습병행자격,L4,세라믹제조_L4_20V1,W_세라믹제조_L4_20V1
W,일학습병행자격,L2,세라믹제조_L2_20V1,W_세라믹제조_L2_20V1
W,일학습병행자격,L2,유리재료제조_L2_20V1,W_유리재료제조_L2_20V1
W,일학습병행자격,L4,유리재료제조_L4_20V1,W_유리재료제조_L4_20V1
W,일학습병행자격,L2,탄소제품제조_L2_20V1,W_탄소제품제조_L2_20V1
W,일학습병행자격,L4,탄소제품제조_L4_20V1,W_탄소제품제조_L4_20V1
W,일학습병행자격,L5,화학물질분석_L5_20V1,W_화학물질분석_L5_20V1
W,일학습병행자격,L3,화학물질분석_L3_20V1,W_화학물질분석_L3_20V1
W,일학습병행자격,L5,화학물질취급관리_L5_20V1,W_화학물질취급관리_L5_20V1
W,일학습병행자격,L3,화학물질취급관리_L3_20V1,W_화학물질취급관리_L3_20V1
W,일학습병행자격,L3,기초석유화학제품제조_L3_20V1,W_기초석유화학제품제조_L3_20V1
W,일학습병행자격,L5,기초석유화학제품제조_L5_20V1,W_기초석유화학제품제조_L5_20V1
W,일학습병행자격,L3,고분자복합재료제조_L3_20V1,W_고분자복합재료제조_L3_20V1
W,일학습병행자격,L5,고분자복합재료제조_L5_20V1,W_고분자복합재료제조_L5_20V1
W,일학습병행자격,L3,고분자제품제조_L3_20V1,W_고분자제품제조_L3_20V1
W,일학습병행자격,L3,의약품제조_L3_20V1,W_의약품제조_L3_20V1
W,일학습병행자격,L5,의약품제조_L5_20V1,W_의약품제조_L5_20V1
W,일학습병행자격,L3,화장품제조_L3_20V1,W_화장품제조_L3_20V1
W,일학습병행자격,L5,화장품제조_L5_20V1,W_화장품제조_L5_20V1
W,일학습병행자격,L3,검수_L3_ver1.0,W_검수_L3_ver1.0
W,일학습병행자격,L3,해상교통관제_L3_ver1.0,W_해상교통관제_L3_ver1.0
W,일학습병행자격,L4,부동산경·공매_L4_ver1.0,W_부동산경·공매_L4_ver1.0
W,일학습병행자격,L5,건설사업관리_L5_ver1.0,W_건설사업관리_L5_ver1.0
W,일학습병행자격,L5,산업환경기계설비_L5_ver1.0,W_산업환경기계설비_L5_ver1.0
W,일학습병행자격,L5,해양자원탐사·개발관리_L5_ver1.0,W_해양자원탐사·개발관리_L5_ver1.0
W,일학습병행자격,L3,건축사업관리_L3_ver1.0,W_건축사업관리_L3_ver1.0
W,일학습병행자격,L5,재무기획관리_L5_ver1.0,W_재무기획관리_L5_ver1.0
W,일학습병행자격,L4,산업물류_L4_ver1.0,W_산업물류_L4_ver1.0
W,일학습병행자격,L3,품질보증_L3_ver1.0,W_품질보증_L3_ver1.0
W,일학습병행자격,L3,손해사정_L3_ver1.0,W_손해사정_L3_ver1.0
W,일학습병행자격,L5,평생교육프로그램개발운영_L5_ver1.0,W_평생교육프로그램개발운영_L5_ver1.0
W,일학습병행자격,L5,소방공사관리_L5_ver1.0,W_소방공사관리_L5_ver1.0
W,일학습병행자격,L5,의료기관의료기기안전_L5_ver1.0,W_의료기관의료기기안전_L5_ver1.0
W,일학습병행자격,L4,보육현장_L4_ver1.0,W_보육현장_L4_ver1.0
W,일학습병행자격,L5,구매조달관리_L5_ver1.0,W_구매조달관리_L5_ver1.0
W,일학습병행자격,L5,자재관리_L5_ver1.0,W_자재관리_L5_ver1.0
W,일학습병행자격,L5,품질기획_L5_ver1.0,W_품질기획_L5_ver1.0
W,일학습병행자격,L5,품질보증_L5_ver1.0,W_품질보증_L5_ver1.0
W,일학습병행자격,L5,SCM관리_L5_ver1.0,W_SCM관리_L5_ver1.0
W,일학습병행자격,L4,경영통계분석_L4_ver1.0,W_경영통계분석_L4_ver1.0
W,일학습병행자격,L4,광고홍보_L4_ver1.0,W_광고홍보_L4_ver1.0
W,일학습병행자격,L4,마케팅전략기획_L4_ver1.0,W_마케팅전략기획_L4_ver1.0
W,일학습병행자격,L4,품질운영_L4_ver1.0,W_품질운영_L4_ver1.0
W,일학습병행자격,L3,공정관리_L3_ver1.0,W_공정관리_L3_ver1.0
W,일학습병행자격,L3,구매조달관리_L3_ver1.0,W_구매조달관리_L3_ver1.0
W,일학습병행자격,L3,세무·회계정보관리_L3_ver1.0,W_세무·회계정보관리_L3_ver1.0
W,일학습병행자격,L3,수출입관리_L3_ver1.0,W_수출입관리_L3_ver1.0
W,일학습병행자격,L3,총무·인사_L3_ver1.0,W_총무·인사_L3_ver1.0
W,일학습병행자격,L3,품질운영_L3_ver1.0,W_품질운영_L3_ver1.0
W,일학습병행자격,L3,SCM관리_L3_ver1.0,W_SCM관리_L3_ver1.0
W,일학습병행자격,L2,세무·회계정보관리_L2_ver1.0,W_세무·회계정보관리_L2_ver1.0
W,일학습병행자격,L5,계약심사(언더라이팅)_L5_ver1.0,W_계약심사(언더라이팅)_L5_ver1.0
W,일학습병행자격,L3,금융업무관리_L3_ver1.0,W_금융업무관리_L3_ver1.0
W,일학습병행자격,L5,손해사정_L5_ver1.0,W_손해사정_L5_ver1.0
W,일학습병행자격,L5,신용분석_L5_ver1.0,W_신용분석_L5_ver1.0
W,일학습병행자격,L5,인보험계약심사(언더라이팅)_L5_ver2.0,W_인보험계약심사(언더라이팅)_L5_ver2.0
W,일학습병행자격,L5,재물보험계약심사(언더라이팅)_L5_ver2.0,W_재물보험계약심사(언더라이팅)_L5_ver2.0
W,일학습병행자격,L3,사출금형제작_L3_ver2.0,W_사출금형제작_L3_ver2.0
W,일학습병행자격,L3,프레스금형설계_L3_ver2.0,W_프레스금형설계_L3_ver2.0
W,일학습병행자격,L5,프레스금형설계_L5_ver2.0,W_프레스금형설계_L5_ver2.0
W,일학습병행자격,L3,프레스금형제작_L3_ver2.0,W_프레스금형제작_L3_ver2.0
W,일학습병행자격,L3,금속재료평가_L3_ver2.0,W_금속재료평가_L3_ver2.0
W,일학습병행자격,L4,금속재료평가_L4_ver2.0,W_금속재료평가_L4_ver2.0
W,일학습병행자격,L5,금속재료설계_L5_ver2.0,W_금속재료설계_L5_ver2.0
W,일학습병행자격,L2,제선_L2_ver2.0,W_제선_L2_ver2.0
W,일학습병행자격,L4,제선_L4_ver2.0,W_제선_L4_ver2.0
W,일학습병행자격,L4,제강_L4_ver2.0,W_제강_L4_ver2.0
W,일학습병행자격,L4,열간압연_L4_ver2.0,W_열간압연_L4_ver2.0
W,일학습병행자격,L2,냉간압연_L2_ver2.0,W_냉간압연_L2_ver2.0
W,일학습병행자격,L2,비철금속건식제련_L2_ver2.0,W_비철금속건식제련_L2_ver2.0
W,일학습병행자격,L4,비철금속건식제련_L4_ver2.0,W_비철금속건식제련_L4_ver2.0
W,일학습병행자격,L4,비철금속습식제련_L4_ver2.0,W_비철금속습식제련_L4_ver2.0
W,일학습병행자격,L2,주조_L2_ver2.0,W_주조_L2_ver2.0
W,일학습병행자격,L4,주조_L4_ver2.0,W_주조_L4_ver2.0
W,일학습병행자격,L3,단조압출인발(단조)_L3_ver2.0,W_단조압출인발(단조)_L3_ver2.0
W,일학습병행자격,L3,단조압출인발(압출인발)_L3_ver2.0,W_단조압출인발(압출인발)_L3_ver2.0
W,일학습병행자격,L4,열처리_L4_ver2.0,W_열처리_L4_ver2.0
W,일학습병행자격,L2,선재가공_L2_ver2.0,W_선재가공_L2_ver2.0
W,일학습병행자격,L4,선재가공_L4_ver2.0,W_선재가공_L4_ver2.0
W,일학습병행자격,L3,판금제관_L3_ver2.0,W_판금제관_L3_ver2.0
W,일학습병행자격,L2,강관제조_L2_ver2.0,W_강관제조_L2_ver2.0
W,일학습병행자격,L4,강관제조_L4_ver2.0,W_강관제조_L4_ver2.0
W,일학습병행자격,L2,도금_L2_ver2.0,W_도금_L2_ver2.0
W,일학습병행자격,L4,도금_L4_ver2.0,W_도금_L4_ver2.0
W,일학습병행자격,L2,금속도장_L2_ver2.0,W_금속도장_L2_ver2.0
W,일학습병행자격,L3,광산환경관리_L3_ver1.0,W_광산환경관리_L3_ver1.0
W,일학습병행자격,L3,바이오에너지생산기술_L3_ver1.0,W_바이오에너지생산기술_L3_ver1.0
W,일학습병행자격,L3,비파괴검사관리_L3_ver1.0,W_비파괴검사관리_L3_ver1.0
W,일학습병행자격,L3,산업안전관리_L3_ver1.0,W_산업안전관리_L3_ver1.0
W,일학습병행자격,L3,산업환경보건관리_L3_ver1.0,W_산업환경보건관리_L3_ver1.0
W,일학습병행자격,L3,실내공기질관리_L3_ver1.0,W_실내공기질관리_L3_ver1.0
W,일학습병행자격,L3,바이오제품제조_L3_ver1.0,W_바이오제품제조_L3_ver1.0
W,일학습병행자격,L3,석유화학제품제조(비료)_L3_ver1.0,W_석유화학제품제조(비료)_L3_ver1.0
W,일학습병행자격,L3,석유화학제품제조(석유)_L3_ver1.0,W_석유화학제품제조(석유)_L3_ver1.0
W,일학습병행자격,L3,석유화학제품제조(석유화학)_L3_ver1.0,W_석유화학제품제조(석유화학)_L3_ver1.0
W,일학습병행자격,L3,석유화학제품제조(합성수지)_L3_ver1.0,W_석유화학제품제조(합성수지)_L3_ver1.0
W,일학습병행자격,L3,석유화학제품제조(합성원료)_L3_ver1.0,W_석유화학제품제조(합성원료)_L3_ver1.0
W,일학습병행자격,L3,정밀화학제품제조(계면활성제)_L3_ver1.0,W_정밀화학제품제조(계면활성제)_L3_ver1.0
W,일학습병행자격,L3,나전칠기_L3_ver2.0,W_나전칠기_L3_ver2.0
W,일학습병행자격,L3,칠공예_L3_ver2.0,W_칠공예_L3_ver2.0
W,일학습병행자격,L3,목공예_L3_ver2.0,W_목공예_L3_ver2.0
W,일학습병행자격,L2,석공예_L2_ver2.0,W_석공예_L2_ver2.0
W,일학습병행자격,L3,금속공예_L3_ver2.0,W_금속공예_L3_ver2.0
W,일학습병행자격,L3,도자공예_L3_ver2.0,W_도자공예_L3_ver2.0
W,일학습병행자격,L3,섬유공예_L3_ver2.0,W_섬유공예_L3_ver2.0
W,일학습병행자격,L2,단위화훼장식_L2_ver2.0,W_단위화훼장식_L2_ver2.0
W,일학습병행자격,L4,단위화훼장식_L4_ver2.0,W_단위화훼장식_L4_ver2.0
W,일학습병행자격,L3,가구제작_L3_ver2.0,W_가구제작_L3_ver2.0
W,일학습병행자격,L2,주얼리머천다이징_L2_ver2.0,W_주얼리머천다이징_L2_ver2.0
W,일학습병행자격,L4,주얼리머천다이징_L4_ver2.0,W_주얼리머천다이징_L4_ver2.0
W,일학습병행자격,L3,보석감정_L3_ver2.0,W_보석감정_L3_ver2.0
W,일학습병행자격,L3,보석디자인_L3_ver2.0,W_보석디자인_L3_ver2.0
W,일학습병행자격,L2,귀금속가공_L2_ver2.0,W_귀금속가공_L2_ver2.0
W,일학습병행자격,L5,기후대기관리_L5_ver2.0,W_기후대기관리_L5_ver2.0
W,일학습병행자격,L5,자원순환관리_L5_ver2.0,W_자원순환관리_L5_ver2.0
W,일학습병행자격,L5,토양지하수관리_L5_ver2.0,W_토양지하수관리_L5_ver2.0
W,일학습병행자격,L5,수질관리_L5_ver2.0,W_수질관리_L5_ver2.0
W,일학습병행자격,L4,정수장운영관리_L4_ver2.0,W_정수장운영관리_L4_ver2.0
W,일학습병행자격,L3,실내공기질관리_L3_ver2.0,W_실내공기질관리_L3_ver2.0
W,일학습병행자격,L5,위해성관리_L5_ver2.0,W_위해성관리_L5_ver2.0
W,일학습병행자격,L3,생태복원관리_L3_ver2.0,W_생태복원관리_L3_ver2.0
W,일학습병행자격,L5,생태복원관리_L5_ver2.0,W_생태복원관리_L5_ver2.0
W,일학습병행자격,L4,환경시설관리_L4_ver2.0,W_환경시설관리_L4_ver2.0
W,일학습병행자격,L5,환경영향평가_L5_ver2.0,W_환경영향평가_L5_ver2.0
W,일학습병행자격,L3,광산조사·탐사_L3_ver2.0,W_광산조사·탐사_L3_ver2.0
W,일학습병행자격,L5,광산조사·탐사_L5_ver2.0,W_광산조사·탐사_L5_ver2.0
W,일학습병행자격,L3,광물·석유자원개발_L3_ver2.0,W_광물·석유자원개발_L3_ver2.0
W,일학습병행자격,L3,기능성정밀화학제품제조_L3_20V1,W_기능성정밀화학제품제조_L3_20V1
W,일학습병행자격,L5,기능성정밀화학제품제조_L5_20V1,W_기능성정밀화학제품제조_L5_20V1
W,일학습병행자격,L3,도료제조_L3_20V1,W_도료제조_L3_20V1
W,일학습병행자격,L3,바이오의약품제조_L3_20V1,W_바이오의약품제조_L3_20V1
W,일학습병행자격,L5,바이오의약품제조_L5_20V1,W_바이오의약품제조_L5_20V1
W,일학습병행자격,L3,바이오화학제품제조_L3_20V1,W_바이오화학제품제조_L3_20V1
W,일학습병행자격,L5,바이오화학제품제조_L5_20V1,W_바이오화학제품제조_L5_20V1
W,일학습병행자격,L3,플라스틱사출성형품제조_L3_20V1,W_플라스틱사출성형품제조_L3_20V1
W,일학습병행자격,L3,플라스틱압출제품제조_L3_20V1,W_플라스틱압출제품제조_L3_20V1
W,일학습병행자격,L5,플라스틱압출제품제조_L5_20V1,W_플라스틱압출제품제조_L5_20V1
W,일학습병행자격,L3,합섬원사생산_L3_20V1,W_합섬원사생산_L3_20V1
W,일학습병행자격,L3,방적원사생산_L3_20V1,W_방적원사생산_L3_20V1
W,일학습병행자격,L3,제직생산_L3_20V1,W_제직생산_L3_20V1
W,일학습병행자격,L3,편직생산_L3_20V1,W_편직생산_L3_20V1
W,일학습병행자격,L3,섬유염색가공_L3_20V1,W_섬유염색가공_L3_20V1
W,일학습병행자격,L5,섬유염색가공_L5_20V1,W_섬유염색가공_L5_20V1
W,일학습병행자격,L5,섬유품질경영관리_L5_20V1,W_섬유품질경영관리_L5_20V1
W,일학습병행자격,L4,패션머천다이징_L4_20V1,W_패션머천다이징_L4_20V1
W,일학습병행자격,L4,패션디자인_L4_20V1,W_패션디자인_L4_20V1
W,일학습병행자격,L3,패턴메이킹_L3_20V1,W_패턴메이킹_L3_20V1
W,일학습병행자격,L3,제직의류생산_L3_20V1,W_제직의류생산_L3_20V1
W,일학습병행자격,L3,가죽·모피생산_L3_20V1,W_가죽·모피생산_L3_20V1
W,일학습병행자격,L3,패션소품생산_L3_20V1,W_패션소품생산_L3_20V1
W,일학습병행자격,L2,패션제품유통_L2_20V1,W_패션제품유통_L2_20V1
W,일학습병행자격,L4,패션제품유통_L4_20V1,W_패션제품유통_L4_20V1
W,일학습병행자격,L5,전력계통설계_L5_20V1,W_전력계통설계_L5_20V1
W,일학습병행자격,L5,전기기기설계_L5_20V1,W_전기기기설계_L5_20V1
W,일학습병행자격,L3,전기기기제작_L3_20V1,W_전기기기제작_L3_20V1
W,일학습병행자격,L2,전기기기제작_L2_20V1,W_전기기기제작_L2_20V1
W,일학습병행자격,L3,전기설계_L3_20V1,W_전기설계_L3_20V1
W,일학습병행자격,L5,전기설계_L5_20V1,W_전기설계_L5_20V1
W,일학습병행자격,L3,전기시공_L3_20V1,W_전기시공_L3_20V1
W,일학습병행자격,L2,전기시공_L2_20V1,W_전기시공_L2_20V1
W,일학습병행자격,L5,전기설비시공_L5_20V1,W_전기설비시공_L5_20V1
W,일학습병행자격,L2,자동제어기기제작_L2_20V1,W_자동제어기기제작_L2_20V1
W,일학습병행자격,L3,자동제어기기제작_L3_20V1,W_자동제어기기제작_L3_20V1
W,일학습병행자격,L5,채권관리_L5_ver1.0,W_채권관리_L5_ver1.0
W,일학습병행자격,L5,투자금융(IB)_L5_ver1.0,W_투자금융(IB)_L5_ver1.0
W,일학습병행자격,L5,금융자산관리(은행)_L5_ver1.0,W_금융자산관리(은행)_L5_ver1.0
W,일학습병행자격,L3,보험영업·계약관리_L3_ver1.0,W_보험영업·계약관리_L3_ver1.0
W,일학습병행자격,L5,경력개발지도_L5_ver1.0,W_경력개발지도_L5_ver1.0
W,일학습병행자격,L5,기업교육_L5_ver1.0,W_기업교육_L5_ver1.0
W,일학습병행자격,L5,이러닝시스템개발_L5_ver1.0,W_이러닝시스템개발_L5_ver1.0
W,일학습병행자격,L5,이러닝콘텐츠개발_L5_ver1.0,W_이러닝콘텐츠개발_L5_ver1.0
W,일학습병행자격,L4,이러닝과정운영_L4_ver1.0,W_이러닝과정운영_L4_ver1.0
W,일학습병행자격,L3,이러닝관리_L3_ver1.0,W_이러닝관리_L3_ver1.0
W,일학습병행자격,L3,직업교육_L3_ver1.0,W_직업교육_L3_ver1.0
W,일학습병행자격,L5,기업재난관리_L5_ver1.0,W_기업재난관리_L5_ver1.0
W,일학습병행자격,L5,방재_L5_ver1.0,W_방재_L5_ver1.0
W,일학습병행자격,L5,지식재산사무_L5_ver1.0,W_지식재산사무_L5_ver1.0
W,일학습병행자격,L4,소방설계·감리_L4_ver1.0,W_소방설계·감리_L4_ver1.0
W,일학습병행자격,L4,지식재산사무_L4_ver1.0,W_지식재산사무_L4_ver1.0
W,일학습병행자격,L3,위험물안전관리_L3_ver1.0,W_위험물안전관리_L3_ver1.0
W,일학습병행자격,L3,요양보호_L3_ver1.0,W_요양보호_L3_ver1.0
W,일학습병행자격,L3,의료코디네이터_L3_ver1.0,W_의료코디네이터_L3_ver1.0
W,일학습병행자격,L5,사회복지정책_L5_ver1.0,W_사회복지정책_L5_ver1.0
W,일학습병행자격,L5,전직지원_L5_ver1.0,W_전직지원_L5_ver1.0
W,일학습병행자격,L2,어촌체험관리_L2_ver2.0,W_어촌체험관리_L2_ver2.0
W,일학습병행자격,L4,어촌체험관리_L4_ver2.0,W_어촌체험관리_L4_ver2.0
W,일학습병행자격,L3,어장환경정화관리_L3_ver2.0,W_어장환경정화관리_L3_ver2.0
W,일학습병행자격,L3,특수인쇄(스크린)_L3_ver1.0,W_특수인쇄(스크린)_L3_ver1.0
W,일학습병행자격,L5,공정관리_L5_ver1.0,W_공정관리_L5_ver1.0
W,일학습병행자격,L4,냉동공조시공관리_L4_ver1.0,W_냉동공조시공관리_L4_ver1.0
W,일학습병행자격,L4,와이어방전가공(방전)_L4_ver1.0,W_와이어방전가공(방전)_L4_ver1.0
W,일학습병행자격,L4,특수가공(워터젯)_L4_ver1.0,W_특수가공(워터젯)_L4_ver1.0
W,일학습병행자격,L3,동력기계설치·정비_L3_ver1.0,W_동력기계설치·정비_L3_ver1.0
W,일학습병행자격,L2,비철금속제련_L2_ver1.0,W_비철금속제련_L2_ver1.0
W,일학습병행자격,L2,일반세라믹제조_L2_ver1.0,W_일반세라믹제조_L2_ver1.0
W,일학습병행자격,L6,반응공정개발운전_L6_ver1.0,W_반응공정개발운전_L6_ver1.0
W,일학습병행자격,L5,석유화학제품제조(산알칼리)_L5_ver1.0,W_석유화학제품제조(산알칼리)_L5_ver1.0
W,일학습병행자격,L3,연료전지에너지생산기술_L3_ver1.0,W_연료전지에너지생산기술_L3_ver1.0
W,일학습병행자격,L5,위해성관리_L5_ver1.0,W_위해성관리_L5_ver1.0
W,일학습병행자격,L3,태양광에너지생산기술_L3_ver1.0,W_태양광에너지생산기술_L3_ver1.0
W,일학습병행자격,L3,폐자원에너지생산_L3_ver1.0,W_폐자원에너지생산_L3_ver1.0
W,일학습병행자격,L5,농업환경개선_L5_ver1.0,W_농업환경개선_L5_ver1.0
W,일학습병행자격,L5,농촌체험_L5_ver1.0,W_농촌체험_L5_ver1.0
W,일학습병행자격,L5,사료생산_L5_ver1.0,W_사료생산_L5_ver1.0
W,일학습병행자격,L5,산림보호_L5_ver1.0,W_산림보호_L5_ver1.0
W,일학습병행자격,L5,산림조성_L5_ver1.0,W_산림조성_L5_ver1.0
W,일학습병행자격,L5,신체손해사정_L5_ver2.0,W_신체손해사정_L5_ver2.0
W,일학습병행자격,L5,차량손해사정_L5_ver2.0,W_차량손해사정_L5_ver2.0
W,일학습병행자격,L5,재물손해사정_L5_ver2.0,W_재물손해사정_L5_ver2.0
W,일학습병행자격,L3,화훼재배_L3_ver1.0,W_화훼재배_L3_ver1.0
W,일학습병행자격,L5,평생교육프로그램개발운영_L5_ver2.0,W_평생교육프로그램개발운영_L5_ver2.0
W,일학습병행자격,L5,기업교육_L5_ver2.0,W_기업교육_L5_ver2.0
W,일학습병행자격,L5,경력지도_L5_ver2.0,W_경력지도_L5_ver2.0
W,일학습병행자격,L3,이러닝관리_L3_ver2.0,W_이러닝관리_L3_ver2.0
W,일학습병행자격,L4,이러닝과정운영_L4_ver2.0,W_이러닝과정운영_L4_ver2.0
W,일학습병행자격,L4,이러닝콘텐츠개발_L4_ver2.0,W_이러닝콘텐츠개발_L4_ver2.0
W,일학습병행자격,L5,학습시스템개발전문가_L5_ver2.0,W_학습시스템개발전문가_L5_ver2.0
W,일학습병행자격,L2,지식재산사무_L2_ver2.0,W_지식재산사무_L2_ver2.0
W,일학습병행자격,L5,지식재산사무_L5_ver2.0,W_지식재산사무_L5_ver2.0
W,일학습병행자격,L4,소방설계·감리_L4_ver2.0,W_소방설계·감리_L4_ver2.0
W,일학습병행자격,L3,소방공사관리_L3_ver2.0,W_소방공사관리_L3_ver2.0
W,일학습병행자격,L3,위험물안전관리_L3_ver2.0,W_위험물안전관리_L3_ver2.0
W,일학습병행자격,L5,방재_L5_ver2.0,W_방재_L5_ver2.0
W,일학습병행자격,L5,기업재난관리_L5_ver2.0,W_기업재난관리_L5_ver2.0
W,일학습병행자격,L2,요양보호_L2_ver2.0,W_요양보호_L2_ver2.0
W,일학습병행자격,L4,의료기관행정관리_L4_ver2.0,W_의료기관행정관리_L4_ver2.0
W,일학습병행자격,L3,의료코디네이터_L3_ver2.0,W_의료코디네이터_L3_ver2.0
W,일학습병행자격,L5,사회복지정책_L5_ver2.0,W_사회복지정책_L5_ver2.0
W,일학습병행자격,L3,사회복지서비스_L3_ver2.0,W_사회복지서비스_L3_ver2.0
W,일학습병행자격,L5,사회복지서비스_L5_ver2.0,W_사회복지서비스_L5_ver2.0
W,일학습병행자격,L5,직업상담_L5_ver2.0,W_직업상담_L5_ver2.0
W,일학습병행자격,L4,취업알선_L4_ver2.0,W_취업알선_L4_ver2.0
W,일학습병행자격,L5,전직지원_L5_ver2.0,W_전직지원_L5_ver2.0
W,일학습병행자격,L5,광물·석유자원개발_L5_ver2.0,W_광물·석유자원개발_L5_ver2.0
W,일학습병행자격,L5,광산환경관리_L5_ver2.0,W_광산환경관리_L5_ver2.0
W,일학습병행자격,L3,광산보안·화약류관리_L3_ver2.0,W_광산보안·화약류관리_L3_ver2.0
W,일학습병행자격,L5,광산보안·화약류관리_L5_ver2.0,W_광산보안·화약류관리_L5_ver2.0
W,일학습병행자격,L3,태양광에너지생산기술_L3_ver2.0,W_태양광에너지생산기술_L3_ver2.0
W,일학습병행자격,L5,태양광에너지생산기술_L5_ver2.0,W_태양광에너지생산기술_L5_ver2.0
W,일학습병행자격,L5,태양열에너지생산기술_L5_ver2.0,W_태양열에너지생산기술_L5_ver2.0
W,일학습병행자격,L5,연료전지에너지생산기술_L5_ver2.0,W_연료전지에너지생산기술_L5_ver2.0
W,일학습병행자격,L5,바이오에너지생산기술_L5_ver2.0,W_바이오에너지생산기술_L5_ver2.0
W,일학습병행자격,L3,정밀화학제품제조(색소)_L3_ver1.0,W_정밀화학제품제조(색소)_L3_ver1.0
W,일학습병행자격,L3,정밀화학제품제조(의약품)_L3_ver1.0,W_정밀화학제품제조(의약품)_L3_ver1.0
W,일학습병행자격,L3,정밀화학제품제조(접착제)_L3_ver1.0,W_정밀화학제품제조(접착제)_L3_ver1.0
W,일학습병행자격,L3,플라스틱제품제조(압출)_L3_ver1.0,W_플라스틱제품제조(압출)_L3_ver1.0
W,일학습병행자격,L3,플라스틱제품제조(중공진공)_L3_ver1.0,W_플라스틱제품제조(중공진공)_L3_ver1.0
W,일학습병행자격,L3,플라스틱제품제조(코팅)_L3_ver1.0,W_플라스틱제품제조(코팅)_L3_ver1.0
W,일학습병행자격,L3,화학물질분석_L3_ver1.0,W_화학물질분석_L3_ver1.0
W,일학습병행자격,L3,화학물질취급관리_L3_ver1.0,W_화학물질취급관리_L3_ver1.0
W,일학습병행자격,L5,섬유생산공정관리_L5_ver1.0,W_섬유생산공정관리_L5_ver1.0
W,일학습병행자격,L5,섬유염색가공관리_L5_ver1.0,W_섬유염색가공관리_L5_ver1.0
W,일학습병행자격,L5,원사생산관리(방적)_L5_ver1.0,W_원사생산관리(방적)_L5_ver1.0
W,일학습병행자격,L5,패션제품유통_L5_ver1.0,W_패션제품유통_L5_ver1.0
W,일학습병행자격,L5,패턴메이킹_L5_ver1.0,W_패턴메이킹_L5_ver1.0
W,일학습병행자격,L4,원단생산관리(제직)_L4_ver1.0,W_원단생산관리(제직)_L4_ver1.0
W,일학습병행자격,L4,패션제품유통_L4_ver1.0,W_패션제품유통_L4_ver1.0
W,일학습병행자격,L4,편직의류생산_L4_ver1.0,W_편직의류생산_L4_ver1.0
W,일학습병행자격,L3,가죽·모피생산_L3_ver1.0,W_가죽·모피생산_L3_ver1.0
W,일학습병행자격,L3,비주얼머천다이징_L3_ver1.0,W_비주얼머천다이징_L3_ver1.0
W,일학습병행자격,L3,섬유생산공정관리_L3_ver1.0,W_섬유생산공정관리_L3_ver1.0
W,일학습병행자격,L3,원단생산관리(편직)_L3_ver1.0,W_원단생산관리(편직)_L3_ver1.0
W,일학습병행자격,L2,건축도장시공_L2_ver3.0,W_건축도장시공_L2_ver3.0
W,일학습병행자격,L2,궤도시공_L2_ver3.0,W_궤도시공_L2_ver3.0
W,일학습병행자격,L5,자동제어기기설계_L5_20V1,W_자동제어기기설계_L5_20V1
W,일학습병행자격,L5,전기철도시공_L5_20V1,W_전기철도시공_L5_20V1
W,일학습병행자격,L3,전기철도신호시공_L3_20V1,W_전기철도신호시공_L3_20V1
W,일학습병행자격,L2,전기철도신호시공_L2_20V1,W_전기철도신호시공_L2_20V1
W,일학습병행자격,L5,철도신호시공_L5_20V1,W_철도신호시공_L5_20V1
W,일학습병행자격,L4,전자기기기획_L4_20V1,W_전자기기기획_L4_20V1
W,일학습병행자격,L2,전자기기생산_L2_20V1,W_전자기기생산_L2_20V1
W,일학습병행자격,L4,전자기기생산_L4_20V1,W_전자기기생산_L4_20V1
W,일학습병행자격,L2,전자기기서비스_L2_20V1,W_전자기기서비스_L2_20V1
W,일학습병행자격,L4,전자기기서비스_L4_20V1,W_전자기기서비스_L4_20V1
W,일학습병행자격,L3,전자기기하드웨어개발_L3_20V1,W_전자기기하드웨어개발_L3_20V1
W,일학습병행자격,L5,전자기기하드웨어개발_L5_20V1,W_전자기기하드웨어개발_L5_20V1
W,일학습병행자격,L2,전자기기소프트웨어개발_L2_20V1,W_전자기기소프트웨어개발_L2_20V1
W,일학습병행자격,L4,전자기기소프트웨어개발_L4_20V1,W_전자기기소프트웨어개발_L4_20V1
W,일학습병행자격,L5,전자기기소프트웨어개발_L5_20V1,W_전자기기소프트웨어개발_L5_20V1
W,일학습병행자격,L2,전자기기기구개발_L2_20V1,W_전자기기기구개발_L2_20V1
W,일학습병행자격,L5,전자기기기구개발_L5_20V1,W_전자기기기구개발_L5_20V1
W,일학습병행자격,L5,반도체장비개발_L5_20V1,W_반도체장비개발_L5_20V1
W,일학습병행자격,L3,반도체장비조립_L3_20V1,W_반도체장비조립_L3_20V1
W,일학습병행자격,L3,반도체제조운영_L3_20V1,W_반도체제조운영_L3_20V1
W,일학습병행자격,L3,반도체설계_L3_20V1,W_반도체설계_L3_20V1
W,일학습병행자격,L4,반도체설계_L4_20V1,W_반도체설계_L4_20V1
W,일학습병행자격,L4,디스플레이개발_L4_20V1,W_디스플레이개발_L4_20V1
W,일학습병행자격,L3,디스플레이생산_L3_20V1,W_디스플레이생산_L3_20V1
W,일학습병행자격,L4,디스플레이생산_L4_20V1,W_디스플레이생산_L4_20V1
W,일학습병행자격,L5,로봇기구개발_L5_20V1,W_로봇기구개발_L5_20V1
W,일학습병행자격,L5,로봇소프트웨어개발_L5_20V1,W_로봇소프트웨어개발_L5_20V1
W,일학습병행자격,L5,로봇제어기하드웨어개발_L5_20V1,W_로봇제어기하드웨어개발_L5_20V1
W,일학습병행자격,L3,SW개발_L3_20V1,W_SW개발_L3_20V1
W,일학습병행자격,L5,SW개발_L5_20V1,W_SW개발_L5_20V1
W,일학습병행자격,L4,패션머천다이징_L4_ver1.0,W_패션머천다이징_L4_ver1.0
W,일학습병행자격,L3,섬유염색가공관리_L3_ver1.0,W_섬유염색가공관리_L3_ver1.0
W,일학습병행자격,L3,패션소품생산_L3_ver1.0,W_패션소품생산_L3_ver1.0
W,일학습병행자격,L4,SW테스터_L4_ver1.0,W_SW테스터_L4_ver1.0
W,일학습병행자격,L3,유선통신운용_L3_ver1.0,W_유선통신운용_L3_ver1.0
W,일학습병행자격,L4,식품품질관리_L4_ver1.0,W_식품품질관리_L4_ver1.0
W,일학습병행자격,L3,농산식품저장·유통_L3_ver1.0,W_농산식품저장·유통_L3_ver1.0
W,일학습병행자격,L5,기후대기관리_L5_ver1.0,W_기후대기관리_L5_ver1.0
W,일학습병행자격,L5,소음진동관리_L5_ver1.0,W_소음진동관리_L5_ver1.0
W,일학습병행자격,L5,토양지하수관리_L5_ver1.0,W_토양지하수관리_L5_ver1.0
W,일학습병행자격,L3,전특작재배_L3_ver1.0,W_전특작재배_L3_ver1.0
W,일학습병행자격,L5,공연무대디자이너_L5_ver1.0,W_공연무대디자이너_L5_ver1.0
W,일학습병행자격,L5,디지털디자인_L5_ver1.0,W_디지털디자인_L5_ver1.0
W,일학습병행자격,L5,서비스·경험디자인_L5_ver1.0,W_서비스·경험디자인_L5_ver1.0
W,일학습병행자격,L5,실용음악예술(프로덕션)_L5_ver1.0,W_실용음악예술(프로덕션)_L5_ver1.0
W,일학습병행자격,L4,문화재보수기능기술(단청)_L4_ver1.0,W_문화재보수기능기술(단청)_L4_ver1.0
W,일학습병행자격,L4,스마트앱디자인설계_L4_ver1.0,W_스마트앱디자인설계_L4_ver1.0
W,일학습병행자격,L3,공연영상_L3_ver1.0,W_공연영상_L3_ver1.0
W,일학습병행자격,L3,제품디자인_L3_ver1.0,W_제품디자인_L3_ver1.0
W,일학습병행자격,L5,열차운용DIA관리_L5_ver1.0,W_열차운용DIA관리_L5_ver1.0
W,일학습병행자격,L4,정비기지시설물유지보수_L4_ver1.0,W_정비기지시설물유지보수_L4_ver1.0
W,일학습병행자격,L3,수상레저기구운항_L3_ver1.0,W_수상레저기구운항_L3_ver1.0
W,일학습병행자격,L3,부동산관리_L3_ver1.0,W_부동산관리_L3_ver1.0
W,일학습병행자격,L3,신변보호_L3_ver1.0,W_신변보호_L3_ver1.0
W,일학습병행자격,L5,호텔객실(지배인)_L5_ver1.0,W_호텔객실(지배인)_L5_ver1.0
W,일학습병행자격,L2,건설기계정비_L2_ver2.0,W_건설기계정비_L2_ver2.0
W,일학습병행자격,L2,수상작업용건설기계조종_L2_ver2.0,W_수상작업용건설기계조종_L2_ver2.0
W,일학습병행자격,L2,천공기조종_L2_ver2.0,W_천공기조종_L2_ver2.0
W,일학습병행자격,L2,콘크리트공기계조종_L2_ver2.0,W_콘크리트공기계조종_L2_ver2.0
W,일학습병행자격,L2,지게차조종_L2_ver2.0,W_지게차조종_L2_ver2.0
W,일학습병행자격,L2,건설용크레인조종_L2_ver2.0,W_건설용크레인조종_L2_ver2.0
W,일학습병행자격,L2,항만용크레인조종_L2_ver2.0,W_항만용크레인조종_L2_ver2.0
W,일학습병행자격,L3,이동식크레인정비_L3_ver2.0,W_이동식크레인정비_L3_ver2.0
W,일학습병행자격,L2,산업용크레인조종_L2_ver2.0,W_산업용크레인조종_L2_ver2.0
W,일학습병행자격,L3,굴삭기정비_L3_ver2.0,W_굴삭기정비_L3_ver2.0
W,일학습병행자격,L4,청소년활동_L4_ver2.0,W_청소년활동_L4_ver2.0
W,일학습병행자격,L4,청소년상담복지_L4_ver2.0,W_청소년상담복지_L4_ver2.0
W,일학습병행자격,L5,문화예술경영_L5_ver2.0,W_문화예술경영_L5_ver2.0
W,일학습병행자격,L5,문헌정보관리_L5_ver2.0,W_문헌정보관리_L5_ver2.0
W,일학습병행자격,L4,실용음악크리에이팅_L4_ver2.0,W_실용음악크리에이팅_L4_ver2.0
W,일학습병행자격,L4,실용음악보컬디렉팅_L4_ver2.0,W_실용음악보컬디렉팅_L4_ver2.0
W,일학습병행자격,L5,사진촬영_L5_ver2.0,W_사진촬영_L5_ver2.0
W,일학습병행자격,L5,공연연출_L5_ver2.0,W_공연연출_L5_ver2.0
W,일학습병행자격,L5,공연조명_L5_ver2.0,W_공연조명_L5_ver2.0
W,일학습병행자격,L3,공연음향_L3_ver2.0,W_공연음향_L3_ver2.0
W,일학습병행자격,L5,공연무대디자인_L5_ver2.0,W_공연무대디자인_L5_ver2.0
W,일학습병행자격,L5,공연무대감독_L5_ver2.0,W_공연무대감독_L5_ver2.0
W,일학습병행자격,L5,공연기술감독_L5_ver2.0,W_공연기술감독_L5_ver2.0
W,일학습병행자격,L5,공연무대제작_L5_ver2.0,W_공연무대제작_L5_ver2.0
W,일학습병행자격,L5,공연무대의상_L5_ver2.0,W_공연무대의상_L5_ver2.0
W,일학습병행자격,L3,무대영상_L3_ver2.0,W_무대영상_L3_ver2.0
W,일학습병행자격,L5,산림토목_L5_ver1.0,W_산림토목_L5_ver1.0
W,일학습병행자격,L5,수산양식_L5_ver1.0,W_수산양식_L5_ver1.0
W,일학습병행자격,L5,씨앗생산_L5_ver1.0,W_씨앗생산_L5_ver1.0
W,일학습병행자격,L5,어로관리_L5_ver1.0,W_어로관리_L5_ver1.0
W,일학습병행자격,L5,영양체생산_L5_ver1.0,W_영양체생산_L5_ver1.0
W,일학습병행자격,L5,종자유통_L5_ver1.0,W_종자유통_L5_ver1.0
W,일학습병행자격,L5,종축_L5_ver1.0,W_종축_L5_ver1.0
W,일학습병행자격,L4,동물약품제조_L4_ver1.0,W_동물약품제조_L4_ver1.0
W,일학습병행자격,L4,목재가공_L4_ver1.0,W_목재가공_L4_ver1.0
W,일학습병행자격,L4,임산물생산관리_L4_ver1.0,W_임산물생산관리_L4_ver1.0
W,일학습병행자격,L4,임업종묘_L4_ver1.0,W_임업종묘_L4_ver1.0
W,일학습병행자격,L4,펄프·종이제조_L4_ver1.0,W_펄프·종이제조_L4_ver1.0
W,일학습병행자격,L3,가금사육_L3_ver1.0,W_가금사육_L3_ver1.0
W,일학습병행자격,L3,과수재배_L3_ver1.0,W_과수재배_L3_ver1.0
W,일학습병행자격,L3,농업환경개선_L3_ver1.0,W_농업환경개선_L3_ver1.0
W,일학습병행자격,L3,버섯재배_L3_ver1.0,W_버섯재배_L3_ver1.0
W,일학습병행자격,L3,사료생산_L3_ver1.0,W_사료생산_L3_ver1.0
W,일학습병행자격,L3,산림조성_L3_ver1.0,W_산림조성_L3_ver1.0
W,일학습병행자격,L3,수도작재배_L3_ver1.0,W_수도작재배_L3_ver1.0
W,일학습병행자격,L3,식품육종_L3_ver1.0,W_식품육종_L3_ver1.0
W,일학습병행자격,L3,어장환경정화관리_L3_ver1.0,W_어장환경정화관리_L3_ver1.0
W,일학습병행자격,L3,원사생산관리(방사)_L3_ver1.0,W_원사생산관리(방사)_L3_ver1.0
W,일학습병행자격,L3,원사생산관리(방적)_L3_ver1.0,W_원사생산관리(방적)_L3_ver1.0
W,일학습병행자격,L3,제직의류생산_L3_ver1.0,W_제직의류생산_L3_ver1.0
W,일학습병행자격,L3,패턴메이킹_L3_ver1.0,W_패턴메이킹_L3_ver1.0
W,일학습병행자격,L3,한복생산_L3_ver1.0,W_한복생산_L3_ver1.0
W,일학습병행자격,L2,패션제품유통_L2_ver1.0,W_패션제품유통_L2_ver1.0
W,일학습병행자격,L5,로봇기구개발_L5_ver1.0,W_로봇기구개발_L5_ver1.0
W,일학습병행자격,L5,로봇소프트웨어개발_L5_ver1.0,W_로봇소프트웨어개발_L5_ver1.0
W,일학습병행자격,L2,강구조시공_L2_ver2.0,W_강구조시공_L2_ver2.0
W,일학습병행자격,L2,건축설비시공_L2_ver2.0,W_건축설비시공_L2_ver2.0
W,일학습병행자격,L3,건축설비_L3_ver2.0,W_건축설비_L3_ver2.0
W,일학습병행자격,L3,산업환경기계설비_L3_ver2.0,W_산업환경기계설비_L3_ver2.0
W,일학습병행자격,L5,산업환경기계설비_L5_ver2.0,W_산업환경기계설비_L5_ver2.0
W,일학습병행자격,L3,산업환경전기·계측제어설비_L3_ver2.0,W_산업환경전기·계측제어설비_L3_ver2.0
W,일학습병행자격,L5,산업환경전기·계측제어설비_L5_ver2.0,W_산업환경전기·계측제어설비_L5_ver2.0
W,일학습병행자격,L5,조경_L5_ver2.0,W_조경_L5_ver2.0
W,일학습병행자격,L5,교통계획설계_L5_ver2.0,W_교통계획설계_L5_ver2.0
W,일학습병행자격,L5,도시계획_L5_ver2.0,W_도시계획_L5_ver2.0
W,일학습병행자격,L2,도로장비조종_L2_ver2.0,W_도로장비조종_L2_ver2.0
W,일학습병행자격,L5,해양에너지생산기술_L5_ver2.0,W_해양에너지생산기술_L5_ver2.0
W,일학습병행자격,L5,폐자원에너지생산기술_L5_ver2.0,W_폐자원에너지생산기술_L5_ver2.0
W,일학습병행자격,L3,산업안전관리_L3_ver2.0,W_산업안전관리_L3_ver2.0
W,일학습병행자격,L5,산업안전관리_L5_ver2.0,W_산업안전관리_L5_ver2.0
W,일학습병행자격,L3,건설안전관리_L3_ver2.0,W_건설안전관리_L3_ver2.0
W,일학습병행자격,L5,건설안전관리_L5_ver2.0,W_건설안전관리_L5_ver2.0
W,일학습병행자격,L3,산업보건관리_L3_ver2.0,W_산업보건관리_L3_ver2.0
W,일학습병행자격,L5,산업보건관리_L5_ver2.0,W_산업보건관리_L5_ver2.0
W,일학습병행자격,L3,비파괴검사관리_L3_ver2.0,W_비파괴검사관리_L3_ver2.0
W,일학습병행자격,L5,비파괴검사관리_L5_ver2.0,W_비파괴검사관리_L5_ver2.0
W,일학습병행자격,L3,수도작재배_L3_ver2.0,W_수도작재배_L3_ver2.0
W,일학습병행자격,L3,버섯재배_L3_ver2.0,W_버섯재배_L3_ver2.0
W,일학습병행자격,L5,농촌체험_L5_ver2.0,W_농촌체험_L5_ver2.0
W,일학습병행자격,L2,농촌체험_L2_ver2.0,W_농촌체험_L2_ver2.0
W,일학습병행자격,L3,전특작재배_L3_ver2.0,W_전특작재배_L3_ver2.0
W,일학습병행자격,L5,종자유통_L5_ver2.0,W_종자유통_L5_ver2.0
W,일학습병행자격,L3,씨앗생산_L3_ver2.0,W_씨앗생산_L3_ver2.0
W,일학습병행자격,L5,임베디드SW개발_L5_20V1,W_임베디드SW개발_L5_20V1
W,일학습병행자격,L5,IT시스템운영_L5_20V1,W_IT시스템운영_L5_20V1
W,일학습병행자격,L5,SW테스트_L5_20V1,W_SW테스트_L5_20V1
W,일학습병행자격,L5,정보통신설계_L5_20V1,W_정보통신설계_L5_20V1
W,일학습병행자격,L3,정보통신설비시공_L3_20V1,W_정보통신설비시공_L3_20V1
W,일학습병행자격,L2,정보통신선로시공_L2_20V1,W_정보통신선로시공_L2_20V1
W,일학습병행자격,L3,무선통신시공_L3_20V1,W_무선통신시공_L3_20V1
W,일학습병행자격,L4,무선통신설계_L4_20V1,W_무선통신설계_L4_20V1
W,일학습병행자격,L4,구내방송통신설계_L4_20V1,W_구내방송통신설계_L4_20V1
W,일학습병행자격,L2,통신기기운용_L2_20V1,W_통신기기운용_L2_20V1
W,일학습병행자격,L3,유선통신운용_L3_20V1,W_유선통신운용_L3_20V1
W,일학습병행자격,L3,무선통신운용_L3_20V1,W_무선통신운용_L3_20V1
W,일학습병행자격,L5,방송시스템관리_L5_20V1,W_방송시스템관리_L5_20V1
W,일학습병행자격,L2,수산식품가공_L2_20V1,W_수산식품가공_L2_20V1
W,일학습병행자격,L3,수산식품가공_L3_20V1,W_수산식품가공_L3_20V1
W,일학습병행자격,L2,축산식품가공_L2_20V1,W_축산식품가공_L2_20V1
W,일학습병행자격,L3,축산식품가공_L3_20V1,W_축산식품가공_L3_20V1
W,일학습병행자격,L3,유가공_L3_20V1,W_유가공_L3_20V1
W,일학습병행자격,L3,건강기능식품가공_L3_20V1,W_건강기능식품가공_L3_20V1
W,일학습병행자격,L2,김치류제조가공_L2_20V1,W_김치류제조가공_L2_20V1
W,일학습병행자격,L2,면류제조_L2_20V1,W_면류제조_L2_20V1
W,일학습병행자격,L2,음료제조가공_L2_20V1,W_음료제조가공_L2_20V1
W,일학습병행자격,L3,주류제조가공_L3_20V1,W_주류제조가공_L3_20V1
W,일학습병행자격,L5,식품가공연구개발_L5_20V1,W_식품가공연구개발_L5_20V1
W,일학습병행자격,L4,식품품질관리_L4_20V1,W_식품품질관리_L4_20V1
W,일학습병행자격,L3,수산식품저장·유통_L3_20V1,W_수산식품저장·유통_L3_20V1
W,일학습병행자격,L3,농산식품저장·유통_L3_20V1,W_농산식품저장·유통_L3_20V1
W,일학습병행자격,L3,축산식품저장·유통_L3_20V1,W_축산식품저장·유통_L3_20V1
W,일학습병행자격,L2,제과_L2_20V1,W_제과_L2_20V1
W,일학습병행자격,L2,제빵_L2_20V1,W_제빵_L2_20V1
W,일학습병행자격,L2,떡제조_L2_20V1,W_떡제조_L2_20V1
W,일학습병행자격,L5,출판콘텐츠연출가_L5_20V1,W_출판콘텐츠연출가_L5_20V1
W,일학습병행자격,L3,편집디자이너_L3_20V1,W_편집디자이너_L3_20V1
W,일학습병행자격,L5,출판에디터_L5_20V1,W_출판에디터_L5_20V1
W,일학습병행자격,L2,평판인쇄_L2_20V1,W_평판인쇄_L2_20V1
W,일학습병행자격,L4,프리프레스_L4_20V1,W_프리프레스_L4_20V1
W,일학습병행자격,L3,해양관측측량_L3_ver2.0,W_해양관측측량_L3_ver2.0
W,일학습병행자격,L5,해양관측측량_L5_ver2.0,W_해양관측측량_L5_ver2.0
W,일학습병행자격,L5,해양생태분석_L5_ver2.0,W_해양생태분석_L5_ver2.0
W,일학습병행자격,L3,해양환경보전관리_L3_ver2.0,W_해양환경보전관리_L3_ver2.0
W,일학습병행자격,L5,해양환경보전관리_L5_ver2.0,W_해양환경보전관리_L5_ver2.0
W,일학습병행자격,L5,해양환경평가관리_L5_ver2.0,W_해양환경평가관리_L5_ver2.0
W,일학습병행자격,L3,해양플랜트설치·운용관리_L3_ver2.0,W_해양플랜트설치·운용관리_L3_ver2.0
W,일학습병행자격,L5,해양플랜트설치·운용관리_L5_ver2.0,W_해양플랜트설치·운용관리_L5_ver2.0
W,일학습병행자격,L5,해양자원탐사개발관리_L5_ver2.0,W_해양자원탐사개발관리_L5_ver2.0
W,일학습병행자격,L2,전산응용기계설계_L2_ver2.0,W_전산응용기계설계_L2_ver2.0
W,일학습병행자격,L3,기계요소설계_L3_ver2.0,W_기계요소설계_L3_ver2.0
W,일학습병행자격,L4,구조해석설계_L4_ver2.0,W_구조해석설계_L4_ver2.0
W,일학습병행자격,L2,선반가공_L2_ver2.0,W_선반가공_L2_ver2.0
W,일학습병행자격,L2,밀링가공_L2_ver2.0,W_밀링가공_L2_ver2.0
W,일학습병행자격,L3,CNC선반가공_L3_ver2.0,W_CNC선반가공_L3_ver2.0
W,일학습병행자격,L3,와이어방전가공_L3_ver2.0,W_와이어방전가공_L3_ver2.0
W,일학습병행자격,L4,형조방전가공_L4_ver2.0,W_형조방전가공_L4_ver2.0
W,일학습병행자격,L3,레이저가공_L3_ver2.0,W_레이저가공_L3_ver2.0
W,일학습병행자격,L3,워터젯가공_L3_ver2.0,W_워터젯가공_L3_ver2.0
W,일학습병행자격,L4,플라즈마가공_L4_ver2.0,W_플라즈마가공_L4_ver2.0
W,일학습병행자격,L2,기계요소조립_L2_ver2.0,W_기계요소조립_L2_ver2.0
W,일학습병행자격,L3,기계장치제어_L3_ver2.0,W_기계장치제어_L3_ver2.0
W,일학습병행자격,L4,기계생산관리_L4_ver2.0,W_기계생산관리_L4_ver2.0
W,일학습병행자격,L5,기계생산관리_L5_ver2.0,W_기계생산관리_L5_ver2.0
W,일학습병행자격,L4,기계품질경영_L4_ver2.0,W_기계품질경영_L4_ver2.0
W,일학습병행자격,L3,동력기계설치·정비_L3_ver2.0,W_동력기계설치·정비_L3_ver2.0
W,일학습병행자격,L4,동력기계설치·정비_L4_ver2.0,W_동력기계설치·정비_L4_ver2.0
W,일학습병행자격,L3,생산기계설치·정비_L3_ver2.0,W_생산기계설치·정비_L3_ver2.0
W,일학습병행자격,L4,생산기계설치·정비_L4_ver2.0,W_생산기계설치·정비_L4_ver2.0
W,일학습병행자격,L3,승강기설치_L3_ver2.0,W_승강기설치_L3_ver2.0
W,일학습병행자격,L2,냉동공조설치_L2_ver2.0,W_냉동공조설치_L2_ver2.0
W,일학습병행자격,L3,냉동공조설계_L3_ver2.0,W_냉동공조설계_L3_ver2.0
W,일학습병행자격,L5,반도체장비개발_L5_ver1.0,W_반도체장비개발_L5_ver1.0
W,일학습병행자격,L5,자동제어기기설계_L5_ver1.0,W_자동제어기기설계_L5_ver1.0
W,일학습병행자격,L5,전기기기설계_L5_ver1.0,W_전기기기설계_L5_ver1.0
W,일학습병행자격,L3,염생산관리_L3_ver1.0,W_염생산관리_L3_ver1.0
W,일학습병행자격,L3,젖소사육_L3_ver1.0,W_젖소사육_L3_ver1.0
W,일학습병행자격,L3,종자유통_L3_ver1.0,W_종자유통_L3_ver1.0
W,일학습병행자격,L3,채소재배_L3_ver1.0,W_채소재배_L3_ver1.0
W,일학습병행자격,L3,한우사육_L3_ver1.0,W_한우사육_L3_ver1.0
W,일학습병행자격,L2,어촌체험관리_L2_ver1.0,W_어촌체험관리_L2_ver1.0
W,일학습병행자격,L2,임산물생산관리_L2_ver1.0,W_임산물생산관리_L2_ver1.0
W,일학습병행자격,L2,펄프·종이제조_L2_ver1.0,W_펄프·종이제조_L2_ver1.0
W,일학습병행자격,L2,수동용접(가스텅스텐아크용접)_L2_ver2.0,W_수동용접(가스텅스텐아크용접)_L2_ver2.0
W,일학습병행자격,L2,수동용접(가스메탈아크용접)_L2_ver2.0,W_수동용접(가스메탈아크용접)_L2_ver2.0
W,일학습병행자격,L4,수동용접(CO2용접)_L4_ver2.0,W_수동용접(CO2용접)_L4_ver2.0
W,일학습병행자격,L4,수동용접(가스텅스텐아크용접)_L4_ver2.0,W_수동용접(가스텅스텐아크용접)_L4_ver2.0
W,일학습병행자격,L5,무대영상_L5_ver2.0,W_무대영상_L5_ver2.0
W,일학습병행자격,L5,보존기술_L5_ver2.0,W_보존기술_L5_ver2.0
W,일학습병행자격,L3,기와문화재보수_L3_ver2.0,W_기와문화재보수_L3_ver2.0
W,일학습병행자격,L3,온돌문화재보수_L3_ver2.0,W_온돌문화재보수_L3_ver2.0
W,일학습병행자격,L3,미장문화재보수_L3_ver2.0,W_미장문화재보수_L3_ver2.0
W,일학습병행자격,L3,석조문화재보수_L3_ver2.0,W_석조문화재보수_L3_ver2.0
W,일학습병행자격,L3,단청문화재보수_L3_ver2.0,W_단청문화재보수_L3_ver2.0
W,일학습병행자격,L3,목조문화재보수_L3_ver2.0,W_목조문화재보수_L3_ver2.0
W,일학습병행자격,L5,학예_L5_ver2.0,W_학예_L5_ver2.0
W,일학습병행자격,L3,시각디자인_L3_ver2.0,W_시각디자인_L3_ver2.0
W,일학습병행자격,L5,시각디자인_L5_ver2.0,W_시각디자인_L5_ver2.0
W,일학습병행자격,L3,제품디자인_L3_ver2.0,W_제품디자인_L3_ver2.0
W,일학습병행자격,L5,제품디자인_L5_ver2.0,W_제품디자인_L5_ver2.0
W,일학습병행자격,L3,환경디자인_L3_ver2.0,W_환경디자인_L3_ver2.0
W,일학습병행자격,L5,환경디자인_L5_ver2.0,W_환경디자인_L5_ver2.0
W,일학습병행자격,L3,디지털디자인_L3_ver2.0,W_디지털디자인_L3_ver2.0
W,일학습병행자격,L5,디지털디자인_L5_ver2.0,W_디지털디자인_L5_ver2.0
W,일학습병행자격,L3,산업환경전기·계측제어설비_L3_ver1.0,W_산업환경전기·계측제어설비_L3_ver1.0
W,일학습병행자격,L5,씨앗생산_L5_ver2.0,W_씨앗생산_L5_ver2.0
W,일학습병행자격,L5,영양체생산_L5_ver2.0,W_영양체생산_L5_ver2.0
W,일학습병행자격,L3,식물육종_L3_ver2.0,W_식물육종_L3_ver2.0
W,일학습병행자격,L5,식물육종_L5_ver2.0,W_식물육종_L5_ver2.0
W,일학습병행자격,L3,농업환경개선_L3_ver2.0,W_농업환경개선_L3_ver2.0
W,일학습병행자격,L5,농업환경개선_L5_ver2.0,W_농업환경개선_L5_ver2.0
W,일학습병행자격,L3,과수재배_L3_ver2.0,W_과수재배_L3_ver2.0
W,일학습병행자격,L3,화훼재배_L3_ver2.0,W_화훼재배_L3_ver2.0
W,일학습병행자격,L3,채소재배_L3_ver2.0,W_채소재배_L3_ver2.0
W,일학습병행자격,L3,사료생산_L3_ver2.0,W_사료생산_L3_ver2.0
W,일학습병행자격,L5,사료생산_L5_ver2.0,W_사료생산_L5_ver2.0
W,일학습병행자격,L5,종축_L5_ver2.0,W_종축_L5_ver2.0
W,일학습병행자격,L4,동물약품제조_L4_ver2.0,W_동물약품제조_L4_ver2.0
W,일학습병행자격,L3,젖소사육_L3_ver2.0,W_젖소사육_L3_ver2.0
W,일학습병행자격,L3,돼지사육_L3_ver2.0,W_돼지사육_L3_ver2.0
W,일학습병행자격,L3,가금사육_L3_ver2.0,W_가금사육_L3_ver2.0
W,일학습병행자격,L3,한우사육_L3_ver2.0,W_한우사육_L3_ver2.0
W,일학습병행자격,L3,말사육_L3_ver2.0,W_말사육_L3_ver2.0
W,일학습병행자격,L4,임산물생산관리_L4_ver2.0,W_임산물생산관리_L4_ver2.0
W,일학습병행자격,L2,목재가공_L2_ver2.0,W_목재가공_L2_ver2.0
W,일학습병행자격,L4,목재가공_L4_ver2.0,W_목재가공_L4_ver2.0
W,일학습병행자격,L2,펄프·종이제조_L2_ver2.0,W_펄프·종이제조_L2_ver2.0
W,일학습병행자격,L4,펄프·종이제조_L4_ver2.0,W_펄프·종이제조_L4_ver2.0
W,일학습병행자격,L4,임업종묘_L4_ver2.0,W_임업종묘_L4_ver2.0
W,일학습병행자격,L3,산림조성_L3_ver2.0,W_산림조성_L3_ver2.0
W,일학습병행자격,L5,산림조성_L5_ver2.0,W_산림조성_L5_ver2.0
W,일학습병행자격,L5,산림토목_L5_ver2.0,W_산림토목_L5_ver2.0
W,일학습병행자격,L5,산림보호_L5_ver2.0,W_산림보호_L5_ver2.0
W,일학습병행자격,L3,어로관리_L3_ver2.0,W_어로관리_L3_ver2.0
W,일학습병행자격,L5,어로관리_L5_ver2.0,W_어로관리_L5_ver2.0
W,일학습병행자격,L3,수산양식_L3_ver2.0,W_수산양식_L3_ver2.0
W,일학습병행자격,L5,수산양식_L5_ver2.0,W_수산양식_L5_ver2.0
W,일학습병행자격,L3,반도체제조운영_L3_ver2.0,W_반도체제조운영_L3_ver2.0
W,일학습병행자격,L3,영업_L3_ver2.0,W_영업_L3_ver2.0
W,일학습병행자격,L5,상업용건물관리_L5_ver2.0,W_상업용건물관리_L5_ver2.0
W,일학습병행자격,L3,매장판매_L3_ver2.0,W_매장판매_L3_ver2.0
W,일학습병행자격,L3,보안경비_L3_ver2.0,W_보안경비_L3_ver2.0
W,일학습병행자격,L3,특수인쇄_L3_20V1,W_특수인쇄_L3_20V1
W,일학습병행자격,L3,칠공예_L3_20V1,W_칠공예_L3_20V1
W,일학습병행자격,L3,도자공예_L3_20V1,W_도자공예_L3_20V1
W,일학습병행자격,L3,섬유공예_L3_20V1,W_섬유공예_L3_20V1
W,일학습병행자격,L3,가구제작_L3_20V1,W_가구제작_L3_20V1
W,일학습병행자격,L3,보석감정_L3_20V1,W_보석감정_L3_20V1
W,일학습병행자격,L3,귀금속가공_L3_20V1,W_귀금속가공_L3_20V1
W,일학습병행자격,L5,소음진동관리_L5_20V1,W_소음진동관리_L5_20V1
W,일학습병행자격,L5,기후대기관리_L5_20V1,W_기후대기관리_L5_20V1
W,일학습병행자격,L5,수질관리_L5_20V1,W_수질관리_L5_20V1
W,일학습병행자격,L4,정수장운영관리_L4_20V1,W_정수장운영관리_L4_20V1
W,일학습병행자격,L3,산업환경보건_L3_20V1,W_산업환경보건_L3_20V1
W,일학습병행자격,L3,생태복원관리_L3_20V1,W_생태복원관리_L3_20V1
W,일학습병행자격,L5,생태복원관리_L5_20V1,W_생태복원관리_L5_20V1
W,일학습병행자격,L4,환경시설관리_L4_20V1,W_환경시설관리_L4_20V1
W,일학습병행자격,L5,환경영향평가_L5_20V1,W_환경영향평가_L5_20V1
W,일학습병행자격,L3,광산조사·탐사_L3_20V1,W_광산조사·탐사_L3_20V1
W,일학습병행자격,L5,광산조사·탐사_L5_20V1,W_광산조사·탐사_L5_20V1
W,일학습병행자격,L3,광물·석유자원개발_L3_20V1,W_광물·석유자원개발_L3_20V1
W,일학습병행자격,L5,광물·석유자원개발_L5_20V1,W_광물·석유자원개발_L5_20V1
W,일학습병행자격,L3,광산환경관리_L3_20V1,W_광산환경관리_L3_20V1
W,일학습병행자격,L5,광산환경관리_L5_20V1,W_광산환경관리_L5_20V1
W,일학습병행자격,L3,광산보안·화약류관리_L3_20V1,W_광산보안·화약류관리_L3_20V1
W,일학습병행자격,L5,광산보안·화약류관리_L5_20V1,W_광산보안·화약류관리_L5_20V1
W,일학습병행자격,L3,태양광에너지생산기술_L3_20V1,W_태양광에너지생산기술_L3_20V1
W,일학습병행자격,L5,태양광에너지생산기술_L5_20V1,W_태양광에너지생산기술_L5_20V1
W,일학습병행자격,L5,태양열에너지생산기술_L5_20V1,W_태양열에너지생산기술_L5_20V1
W,일학습병행자격,L5,연료전지에너지생산기술_L5_20V1,W_연료전지에너지생산기술_L5_20V1
W,일학습병행자격,L5,바이오에너지생산기술_L5_20V1,W_바이오에너지생산기술_L5_20V1
W,일학습병행자격,L5,해양에너지생산기술_L5_20V1,W_해양에너지생산기술_L5_20V1
W,일학습병행자격,L5,풍력에너지생산기술_L5_20V1,W_풍력에너지생산기술_L5_20V1
W,일학습병행자격,L5,폐자원에너지생산기술_L5_20V1,W_폐자원에너지생산기술_L5_20V1
W,일학습병행자격,L3,산업안전관리_L3_20V1,W_산업안전관리_L3_20V1
W,일학습병행자격,L3,산업보건관리_L3_20V1,W_산업보건관리_L3_20V1
W,일학습병행자격,L3,비파괴검사관리_L3_20V1,W_비파괴검사관리_L3_20V1
W,일학습병행자격,L3,수도작재배_L3_20V1,W_수도작재배_L3_20V1
W,일학습병행자격,L5,전기설계_L5_ver1.0,W_전기설계_L5_ver1.0
W,일학습병행자격,L5,전기설비시공_L5_ver1.0,W_전기설비시공_L5_ver1.0
W,일학습병행자격,L5,전력계통설계_L5_ver1.0,W_전력계통설계_L5_ver1.0
W,일학습병행자격,L5,전자기기기구개발_L5_ver1.0,W_전자기기기구개발_L5_ver1.0
W,일학습병행자격,L5,전자기기기획_L5_ver1.0,W_전자기기기획_L5_ver1.0
W,일학습병행자격,L5,전자기기소프트웨어개발(시스템)_L5_ver1.0,W_전자기기소프트웨어개발(시스템)_L5_ver1.0
W,일학습병행자격,L5,전자기기하드웨어개발_L5_ver1.0,W_전자기기하드웨어개발_L5_ver1.0
W,일학습병행자격,L4,디스플레이개발_L4_ver1.0,W_디스플레이개발_L4_ver1.0
W,일학습병행자격,L4,디스플레이생산_L4_ver1.0,W_디스플레이생산_L4_ver1.0
W,일학습병행자격,L4,반도체설계_L4_ver1.0,W_반도체설계_L4_ver1.0
W,일학습병행자격,L4,전자기기생산_L4_ver1.0,W_전자기기생산_L4_ver1.0
W,일학습병행자격,L4,전자기기소프트웨어개발(시스템)_L4_ver1.0,W_전자기기소프트웨어개발(시스템)_L4_ver1.0
W,일학습병행자격,L3,디스플레이생산_L3_ver1.0,W_디스플레이생산_L3_ver1.0
W,일학습병행자격,L3,반도체설계_L3_ver1.0,W_반도체설계_L3_ver1.0
W,일학습병행자격,L3,반도체제조운영_L3_ver1.0,W_반도체제조운영_L3_ver1.0
W,일학습병행자격,L3,자동제어기기제작_L3_ver1.0,W_자동제어기기제작_L3_ver1.0
W,일학습병행자격,L3,전기설계_L3_ver1.0,W_전기설계_L3_ver1.0
W,일학습병행자격,L3,전기시공_L3_ver1.0,W_전기시공_L3_ver1.0
W,일학습병행자격,L3,전기철도신호시공_L3_ver1.0,W_전기철도신호시공_L3_ver1.0
W,일학습병행자격,L3,전자기기하드웨어개발_L3_ver1.0,W_전자기기하드웨어개발_L3_ver1.0
W,일학습병행자격,L2,자동제어기기제작_L2_ver1.0,W_자동제어기기제작_L2_ver1.0
W,일학습병행자격,L2,전기철도신호시공_L2_ver1.0,W_전기철도신호시공_L2_ver1.0
W,일학습병행자격,L2,전자기기서비스_L2_ver1.0,W_전자기기서비스_L2_ver1.0
W,일학습병행자격,L2,전자기기소프트웨어개발_L2_ver1.0,W_전자기기소프트웨어개발_L2_ver1.0
W,일학습병행자격,L2,전자기기제작_L2_ver1.0,W_전자기기제작_L2_ver1.0
W,일학습병행자격,L5,방송기술운용_L5_ver1.0,W_방송기술운용_L5_ver1.0
W,일학습병행자격,L5,SW분석설계_L5_ver1.0,W_SW분석설계_L5_ver1.0
W,일학습병행자격,L4,무선통신시공_L4_ver1.0,W_무선통신시공_L4_ver1.0
W,일학습병행자격,L4,방송기술운용_L4_ver1.0,W_방송기술운용_L4_ver1.0
W,일학습병행자격,L4,방송제작운용_L4_ver1.0,W_방송제작운용_L4_ver1.0
W,일학습병행자격,L4,유선통신시공_L4_ver1.0,W_유선통신시공_L4_ver1.0
W,일학습병행자격,L4,임베디드SW개발_L4_ver1.0,W_임베디드SW개발_L4_ver1.0
W,일학습병행자격,L4,SW개발_L4_ver1.0,W_SW개발_L4_ver1.0
W,일학습병행자격,L3,무선통신시공_L3_ver1.0,W_무선통신시공_L3_ver1.0
W,일학습병행자격,L3,무선통신운용_L3_ver1.0,W_무선통신운용_L3_ver1.0
W,일학습병행자격,L3,이동식크레인정비_L3_ver1.0,W_이동식크레인정비_L3_ver1.0
W,일학습병행자격,L3,지게차정비_L3_ver1.0,W_지게차정비_L3_ver1.0
W,일학습병행자격,L3,해양측량관측_L3_ver1.0,W_해양측량관측_L3_ver1.0
W,일학습병행자격,L3,해양환경보전관리_L3_ver1.0,W_해양환경보전관리_L3_ver1.0
W,일학습병행자격,L2,강구조시공_L2_ver1.0,W_강구조시공_L2_ver1.0
W,일학습병행자격,L2,건축도장시공_L2_ver1.0,W_건축도장시공_L2_ver1.0
W,일학습병행자격,L2,건축설비시공_L2_ver1.0,W_건축설비시공_L2_ver1.0
W,일학습병행자격,L2,구조물해체_L2_ver1.0,W_구조물해체_L2_ver1.0
W,일학습병행자격,L2,궤도시공_L2_ver1.0,W_궤도시공_L2_ver1.0
W,일학습병행자격,L2,단열시공_L2_ver1.0,W_단열시공_L2_ver1.0
W,일학습병행자격,L2,목공·수장시공_L2_ver1.0,W_목공·수장시공_L2_ver1.0
W,일학습병행자격,L2,미장·방수타일시공_L2_ver1.0,W_미장·방수타일시공_L2_ver1.0
W,일학습병행자격,L2,산업용크레인조종_L2_ver1.0,W_산업용크레인조종_L2_ver1.0
W,일학습병행자격,L2,상하수도시공_L2_ver1.0,W_상하수도시공_L2_ver1.0
W,일학습병행자격,L2,수중구조물및준설_L2_ver1.0,W_수중구조물및준설_L2_ver1.0
W,일학습병행자격,L2,조경_L2_ver1.0,W_조경_L2_ver1.0
W,일학습병행자격,L2,지게차조종_L2_ver1.0,W_지게차조종_L2_ver1.0
W,일학습병행자격,L2,창호시공_L2_ver1.0,W_창호시공_L2_ver1.0
W,일학습병행자격,L2,천공기조종_L2_ver1.0,W_천공기조종_L2_ver1.0
W,일학습병행자격,L2,철강재시공_L2_ver1.0,W_철강재시공_L2_ver1.0
W,일학습병행자격,L2,콘크리트공기계조종_L2_ver1.0,W_콘크리트공기계조종_L2_ver1.0
W,일학습병행자격,L2,토공·포장_L2_ver1.0,W_토공·포장_L2_ver1.0
W,일학습병행자격,L2,토공장비조종_L2_ver1.0,W_토공장비조종_L2_ver1.0
W,일학습병행자격,L6,기계가공마스터_L6_ver1.0,W_기계가공마스터_L6_ver1.0
W,일학습병행자격,L5,기계생산관리_L5_ver1.0,W_기계생산관리_L5_ver1.0
W,일학습병행자격,L4,수동용접(가스메탈아크용접)_L4_ver2.0,W_수동용접(가스메탈아크용접)_L4_ver2.0
W,일학습병행자격,L2,자동용접(서브머지드아크용접)_L2_ver2.0,W_자동용접(서브머지드아크용접)_L2_ver2.0
W,일학습병행자격,L2,자동용접(로봇용접)_L2_ver2.0,W_자동용접(로봇용접)_L2_ver2.0
W,일학습병행자격,L4,자동용접(서브머지드아크용접)_L4_ver2.0,W_자동용접(서브머지드아크용접)_L4_ver2.0
W,일학습병행자격,L4,자동용접(로봇용접)_L4_ver2.0,W_자동용접(로봇용접)_L4_ver2.0
W,일학습병행자격,L4,세라믹제조_L4_ver2.0,W_세라믹제조_L4_ver2.0
W,일학습병행자격,L2,세라믹제조_L2_ver2.0,W_세라믹제조_L2_ver2.0
W,일학습병행자격,L2,유리재료제조_L2_ver2.0,W_유리재료제조_L2_ver2.0
W,일학습병행자격,L4,유리재료제조_L4_ver2.0,W_유리재료제조_L4_ver2.0
W,일학습병행자격,L2,탄소제품제조_L2_ver2.0,W_탄소제품제조_L2_ver2.0
W,일학습병행자격,L4,탄소제품제조_L4_ver2.0,W_탄소제품제조_L4_ver2.0
W,일학습병행자격,L5,수산자원관리_L5_ver2.0,W_수산자원관리_L5_ver2.0
W,일학습병행자격,L5,기계품질경영_L5_ver2.0,W_기계품질경영_L5_ver2.0
W,일학습병행자격,L3,승강기유지관리_L3_ver2.0,W_승강기유지관리_L3_ver2.0
W,일학습병행자격,L4,승강기설치·유지관리_L4_ver1.0,W_승강기설치·유지관리_L4_ver1.0
W,일학습병행자격,L3,공연무대의상_L3_ver2.0,W_공연무대의상_L3_ver2.0
W,일학습병행자격,L5,건축설비_L5_ver2.0,W_건축설비_L5_ver2.0
W,일학습병행자격,L2,조경_L2_ver2.0,W_조경_L2_ver2.0
W,일학습병행자격,L2,토공장비조종_L2_ver2.0,W_토공장비조종_L2_ver2.0
W,일학습병행자격,L3,주얼리캐드원형_L3_ver2.0,W_주얼리캐드원형_L3_ver2.0
W,일학습병행자격,L5,소음진동관리_L5_ver2.0,W_소음진동관리_L5_ver2.0
W,일학습병행자격,L3,산업환경보건_L3_ver2.0,W_산업환경보건_L3_ver2.0
W,일학습병행자격,L5,환경컨설턴트_L5_ver2.0,W_환경컨설턴트_L5_ver2.0
W,일학습병행자격,L3,기업교육_L3_ver2.0,W_기업교육_L3_ver2.0
W,일학습병행자격,L5,이러닝콘텐츠개발_L5_ver2.0,W_이러닝콘텐츠개발_L5_ver2.0
W,일학습병행자격,L2,자동차차체정비_L2_ver1.0,W_자동차차체정비_L2_ver1.0
W,일학습병행자격,L5,소방공사관리_L5_ver2.0,W_소방공사관리_L5_ver2.0
W,일학습병행자격,L5,의료기관의료기기안전관리_L5_ver2.0,W_의료기관의료기기안전관리_L5_ver2.0
W,일학습병행자격,L5,금속재료설계_L5_ver1.0,W_금속재료설계_L5_ver1.0
W,일학습병행자격,L3,철강재시공_L3_ver2.0,W_철강재시공_L3_ver2.0
W,일학습병행자격,L5,건축설계_L5_ver2.0,W_건축설계_L5_ver2.0
W,일학습병행자격,L2,단열시공_L2_ver2.0,W_단열시공_L2_ver2.0
W,일학습병행자격,L2,열간압연_L2_ver2.0,W_열간압연_L2_ver2.0
W,일학습병행자격,L2,비철금속습식제련_L2_ver2.0,W_비철금속습식제련_L2_ver2.0
W,일학습병행자격,L2,열처리_L2_ver2.0,W_열처리_L2_ver2.0
W,일학습병행자격,L5,냉동공조운영관리_L5_ver2.0,W_냉동공조운영관리_L5_ver2.0
W,일학습병행자격,L4,선박선체건조_L4_ver2.0,W_선박선체건조_L4_ver2.0
W,일학습병행자격,L5,항공기부품제작_L5_ver2.0,W_항공기부품제작_L5_ver2.0
W,일학습병행자격,L3,스포츠선수관리_L3_ver2.0,W_스포츠선수관리_L3_ver2.0
W,일학습병행자격,L4,식품품질관리_L4_ver2.0,W_식품품질관리_L4_ver2.0
W,일학습병행자격,L3,카지노딜러_L3_ver2.0,W_카지노딜러_L3_ver2.0
W,일학습병행자격,L3,버섯재배_L3_20V1,W_버섯재배_L3_20V1
W,일학습병행자격,L5,농촌체험_L5_20V1,W_농촌체험_L5_20V1
W,일학습병행자격,L3,종자유통_L3_20V1,W_종자유통_L3_20V1
W,일학습병행자격,L5,종자유통_L5_20V1,W_종자유통_L5_20V1
W,일학습병행자격,L3,씨앗생산_L3_20V1,W_씨앗생산_L3_20V1
W,일학습병행자격,L5,씨앗생산_L5_20V1,W_씨앗생산_L5_20V1
W,일학습병행자격,L3,식물육종_L3_20V1,W_식물육종_L3_20V1
W,일학습병행자격,L5,식물육종_L5_20V1,W_식물육종_L5_20V1
W,일학습병행자격,L3,가금사육_L3_20V1,W_가금사육_L3_20V1
W,일학습병행자격,L3,한우사육_L3_20V1,W_한우사육_L3_20V1
W,일학습병행자격,L3,말사육_L3_20V1,W_말사육_L3_20V1
W,일학습병행자격,L2,펄프·종이제조_L2_20V1,W_펄프·종이제조_L2_20V1
W,일학습병행자격,L6,디지털디자인디렉터_L6_20V1,W_디지털디자인디렉터_L6_20V1
W,일학습병행자격,L6,기계시스템설계_L6_20V1,W_기계시스템설계_L6_20V1
W,일학습병행자격,L6,기계설비제어_L6_20V1,W_기계설비제어_L6_20V1
W,일학습병행자격,L6,SW아키텍트_L6_20V1,W_SW아키텍트_L6_20V1
W,일학습병행자격,L6,임베디드SW개발_L6_20V1,W_임베디드SW개발_L6_20V1
W,일학습병행자격,L6,IT프로젝트관리_L6_20V1,W_IT프로젝트관리_L6_20V1
W,일학습병행자격,L6,스마트팩토리시스템관리_L6_20V1,W_스마트팩토리시스템관리_L6_20V1
W,일학습병행자격,L4,청소년상담복지_L4_ver1.0,W_청소년상담복지_L4_ver1.0
W,일학습병행자격,L2,3D프린터운용_L2_22V1,W_3D프린터운용_L2_22V1
W,일학습병행자격,L5,가상훈련콘텐츠SW개발_L5_22V1,W_가상훈련콘텐츠SW개발_L5_22V1
W,일학습병행자격,L5,블록체인서비스개발_L5_22V1,W_블록체인서비스개발_L5_22V1
W,일학습병행자격,L5,빅데이터분석_L5_22V1,W_빅데이터분석_L5_22V1
W,일학습병행자격,L5,빅데이터구축·운영엔지니어링_L5_22V1,W_빅데이터구축·운영엔지니어링_L5_22V1
W,일학습병행자격,L4,스마트물류운영·관리_L4_22V1,W_스마트물류운영·관리_L4_22V1
W,일학습병행자격,L3,스마트팜개발_L3_22V1,W_스마트팜개발_L3_22V1
W,일학습병행자격,L5,스마트팜개발_L5_22V1,W_스마트팜개발_L5_22V1
W,일학습병행자격,L5,인공지능개발_L5_22V1,W_인공지능개발_L5_22V1
W,일학습병행자격,L5,자율주행소프트웨어개발_L5_22V1,W_자율주행소프트웨어개발_L5_22V1
W,일학습병행자격,L3,커넥티드카소프트웨어개발_L3_22V1,W_커넥티드카소프트웨어개발_L3_22V1
W,일학습병행자격,L4,기장의장_L4_22V2,W_기장의장_L4_22V2
W,일학습병행자격,L3,방송제작운용_L3_ver1.0,W_방송제작운용_L3_ver1.0
W,일학습병행자격,L3,유선통신시공_L3_ver1.0,W_유선통신시공_L3_ver1.0
W,일학습병행자격,L2,무선통신운용_L2_ver1.0,W_무선통신운용_L2_ver1.0
W,일학습병행자격,L5,식품가공연구개발_L5_ver1.0,W_식품가공연구개발_L5_ver1.0
W,일학습병행자격,L5,제과_L5_ver1.0,W_제과_L5_ver1.0
W,일학습병행자격,L5,제빵_L5_ver1.0,W_제빵_L5_ver1.0
W,일학습병행자격,L3,건강기능식품가공(원료분말제조)_L3_ver1.0,W_건강기능식품가공(원료분말제조)_L3_ver1.0
W,일학습병행자격,L3,김치반찬가공(김치절임)_L3_ver1.0,W_김치반찬가공(김치절임)_L3_ver1.0
W,일학습병행자격,L3,김치반찬가공(반찬)_L3_ver1.0,W_김치반찬가공(반찬)_L3_ver1.0
W,일학습병행자격,L3,두류식품가공_L3_ver1.0,W_두류식품가공_L3_ver1.0
W,일학습병행자격,L3,떡제조_L3_ver1.0,W_떡제조_L3_ver1.0
W,일학습병행자격,L3,면류식품가공_L3_ver1.0,W_면류식품가공_L3_ver1.0
W,일학습병행자격,L3,목공예_L3_ver1.0,W_목공예_L3_ver1.0
W,일학습병행자격,L5,풍력에너지생산기술_L5_ver1.0,W_풍력에너지생산기술_L5_ver1.0
W,일학습병행자격,L5,철도차량설계_L5_ver1.0,W_철도차량설계_L5_ver1.0
W,일학습병행자격,L2,선박선체건조_L2_ver1.0,W_선박선체건조_L2_ver1.0
W,일학습병행자격,L2,압연(열간압연)_L2_ver1.0,W_압연(열간압연)_L2_ver1.0
W,일학습병행자격,L3,플라스틱제품제조(사출)_L3_ver1.0,W_플라스틱제품제조(사출)_L3_ver1.0
W,일학습병행자격,L4,전자기기소프트웨어개발(응용)_L4_ver1.0,W_전자기기소프트웨어개발(응용)_L4_ver1.0
W,일학습병행자격,L3,곡물가공_L3_ver1.0,W_곡물가공_L3_ver1.0
W,일학습병행자격,L6,디지털디자인디렉터_L6_ver2.0,W_디지털디자인디렉터_L6_ver2.0
W,일학습병행자격,L6,기계시스템설계_L6_ver2.0,W_기계시스템설계_L6_ver2.0
W,일학습병행자격,L6,기계설비제어_L6_ver2.0,W_기계설비제어_L6_ver2.0
W,일학습병행자격,L6,SW아키텍트_L6_ver2.0,W_SW아키텍트_L6_ver2.0
W,일학습병행자격,L6,IT프로젝트관리_L6_ver2.0,W_IT프로젝트관리_L6_ver2.0
W,일학습병행자격,L3,평생교육프로그램개발운영_L3_ver1.0,W_평생교육프로그램개발운영_L3_ver1.0
W,일학습병행자격,L5,텍스타일디자인_L5_ver1.0,W_텍스타일디자인_L5_ver1.0
W,일학습병행자격,L4,역시설물유지보수_L4_ver1.0,W_역시설물유지보수_L4_ver1.0
W,일학습병행자격,L5,중식조리_L5_ver1.0,W_중식조리_L5_ver1.0
W,일학습병행자격,L4,실용음악예술(보컬디렉팅)_L4_ver1.0,W_실용음악예술(보컬디렉팅)_L4_ver1.0
W,일학습병행자격,L4,애니메이션제작_L4_ver1.0,W_애니메이션제작_L4_ver1.0
W,일학습병행자격,L4,음악제작_L4_ver1.0,W_음악제작_L4_ver1.0
W,일학습병행자격,L4,학예_L4_ver1.0,W_학예_L4_ver1.0
W,일학습병행자격,L3,공연기계장치_L3_ver1.0,W_공연기계장치_L3_ver1.0
W,일학습병행자격,L3,공연무대의상_L3_ver1.0,W_공연무대의상_L3_ver1.0
W,일학습병행자격,L5,화학물질분석_L5_ver2.0,W_화학물질분석_L5_ver2.0
W,일학습병행자격,L3,화학물질분석_L3_ver2.0,W_화학물질분석_L3_ver2.0
W,일학습병행자격,L5,화학물질취급관리_L5_ver2.0,W_화학물질취급관리_L5_ver2.0
W,일학습병행자격,L3,화학물질취급관리_L3_ver2.0,W_화학물질취급관리_L3_ver2.0
W,일학습병행자격,L5,화학공정유지운영_L5_ver2.0,W_화학공정유지운영_L5_ver2.0
W,일학습병행자격,L3,기초석유화학제품제조_L3_ver2.0,W_기초석유화학제품제조_L3_ver2.0
W,일학습병행자격,L5,기초석유화학제품제조_L5_ver2.0,W_기초석유화학제품제조_L5_ver2.0
W,일학습병행자격,L3,고분자복합재료제조_L3_ver2.0,W_고분자복합재료제조_L3_ver2.0
W,일학습병행자격,L5,고분자복합재료제조_L5_ver2.0,W_고분자복합재료제조_L5_ver2.0
W,일학습병행자격,L3,고분자제품제조_L3_ver2.0,W_고분자제품제조_L3_ver2.0
W,일학습병행자격,L5,고분자제품제조_L5_ver2.0,W_고분자제품제조_L5_ver2.0
W,일학습병행자격,L3,의약품제조_L3_ver2.0,W_의약품제조_L3_ver2.0
W,일학습병행자격,L5,의약품제조_L5_ver2.0,W_의약품제조_L5_ver2.0
W,일학습병행자격,L3,화장품제조_L3_ver2.0,W_화장품제조_L3_ver2.0
W,일학습병행자격,L5,화장품제조_L5_ver2.0,W_화장품제조_L5_ver2.0
W,일학습병행자격,L3,기능성정밀화학제품제조_L3_ver2.0,W_기능성정밀화학제품제조_L3_ver2.0
W,일학습병행자격,L5,도료제조_L5_ver2.0,W_도료제조_L5_ver2.0
W,일학습병행자격,L3,바이오의약품제조_L3_ver2.0,W_바이오의약품제조_L3_ver2.0
W,일학습병행자격,L5,바이오의약품제조_L5_ver2.0,W_바이오의약품제조_L5_ver2.0
W,일학습병행자격,L5,바이오화학제품제조_L5_ver2.0,W_바이오화학제품제조_L5_ver2.0
W,일학습병행자격,L5,플라스틱사출성형품제조_L5_ver2.0,W_플라스틱사출성형품제조_L5_ver2.0
W,일학습병행자격,L3,플라스틱압출제품제조_L3_ver2.0,W_플라스틱압출제품제조_L3_ver2.0
W,일학습병행자격,L5,플라스틱압출제품제조_L5_ver2.0,W_플라스틱압출제품제조_L5_ver2.0
W,일학습병행자격,L3,합섬원사생산_L3_ver2.0,W_합섬원사생산_L3_ver2.0
W,일학습병행자격,L3,방적원사생산_L3_ver2.0,W_방적원사생산_L3_ver2.0
W,일학습병행자격,L5,방적원사생산_L5_ver2.0,W_방적원사생산_L5_ver2.0
W,일학습병행자격,L3,제직생산_L3_ver2.0,W_제직생산_L3_ver2.0
W,일학습병행자격,L3,편직생산_L3_ver2.0,W_편직생산_L3_ver2.0
W,일학습병행자격,L5,편직생산_L5_ver2.0,W_편직생산_L5_ver2.0
W,일학습병행자격,L5,제직생산_L5_ver2.0,W_제직생산_L5_ver2.0
W,일학습병행자격,L5,섬유염색가공_L5_ver2.0,W_섬유염색가공_L5_ver2.0
W,일학습병행자격,L5,섬유품질경영관리_L5_ver2.0,W_섬유품질경영관리_L5_ver2.0
W,일학습병행자격,L5,냉동공조운영관리_L5_ver1.0,W_냉동공조운영관리_L5_ver1.0
W,일학습병행자격,L5,사출금형설계_L5_ver1.0,W_사출금형설계_L5_ver1.0
W,일학습병행자격,L5,선박선체설계_L5_ver1.0,W_선박선체설계_L5_ver1.0
W,일학습병행자격,L2,제빵_L2_ver2.0,W_제빵_L2_ver2.0
W,일학습병행자격,L2,이용_L2_ver2.0,W_이용_L2_ver2.0
W,일학습병행자격,L3,수출입관리_L3_ver2.0,W_수출입관리_L3_ver2.0
W,일학습병행자격,L3,금융업무관리_L3_ver2.0,W_금융업무관리_L3_ver2.0
W,일학습병행자격,L5,자산운용_L5_ver2.0,W_자산운용_L5_ver2.0
W,일학습병행자격,L5,기능성정밀화학제품제조_L5_ver2.0,W_기능성정밀화학제품제조_L5_ver2.0
W,일학습병행자격,L5,자동제어기기설계_L5_ver2.0,W_자동제어기기설계_L5_ver2.0
W,일학습병행자격,L3,총무·인사_L3_ver3.0,W_총무·인사_L3_ver3.0
W,일학습병행자격,L2,세무·회계정보관리_L2_ver3.0,W_세무·회계정보관리_L2_ver3.0
W,일학습병행자격,L3,세무·회계정보관리_L3_ver3.0,W_세무·회계정보관리_L3_ver3.0
W,일학습병행자격,L5,헬스케어운동지도_L5_ver3.0,W_헬스케어운동지도_L5_ver3.0
W,일학습병행자격,L3,자동차정비_L3_ver3.0,W_자동차정비_L3_ver3.0
W,일학습병행자격,L3,SW개발_L3_ver3.0,W_SW개발_L3_ver3.0
W,일학습병행자격,L6,SW아키텍트_L6_ver3.0,W_SW아키텍트_L6_ver3.0
W,일학습병행자격,L4,기계품질경영_L4_ver3.0,W_기계품질경영_L4_ver3.0
W,일학습병행자격,L3,생산기계설치·정비_L3_ver3.0,W_생산기계설치·정비_L3_ver3.0
W,일학습병행자격,L3,항공기엔진정비_L3_ver3.0,W_항공기엔진정비_L3_ver3.0
W,일학습병행자격,L2,자동용접(로봇용접)_L2_ver3.0,W_자동용접(로봇용접)_L2_ver3.0
W,일학습병행자격,L3,화학물질취급관리_L3_ver3.0,W_화학물질취급관리_L3_ver3.0
W,일학습병행자격,L3,주류제조가공_L3_ver3.0,W_주류제조가공_L3_ver3.0
W,일학습병행자격,L2,단위화훼장식_L2_ver3.0,W_단위화훼장식_L2_ver3.0
W,일학습병행자격,L5,광산보안·화약류관리_L5_ver3.0,W_광산보안·화약류관리_L5_ver3.0
W,일학습병행자격,L2,건설용크레인조종_L2_ver1.0,W_건설용크레인조종_L2_ver1.0
W,일학습병행자격,L2,항만크레인조종_L2_ver1.0,W_항만크레인조종_L2_ver1.0
W,일학습병행자격,L2,강관제조_L2_ver1.0,W_강관제조_L2_ver1.0
W,일학습병행자격,L2,농촌체험_L2_ver1.0,W_농촌체험_L2_ver1.0
W,일학습병행자격,L3,단조압출인발(압출인발)_L3_ver3.0,W_단조압출인발(압출인발)_L3_ver3.0
W,일학습병행자격,L2,열처리_L2_ver3.0,W_열처리_L2_ver3.0
W,일학습병행자격,L2,선재가공_L2_ver3.0,W_선재가공_L2_ver3.0
W,일학습병행자격,L2,강관제조_L2_ver3.0,W_강관제조_L2_ver3.0
W,일학습병행자격,L4,수동용접(CO2용접)_L4_ver3.0,W_수동용접(CO2용접)_L4_ver3.0
W,일학습병행자격,L3,방사선비파괴검사관리_L3_22V2,W_방사선비파괴검사관리_L3_22V2
W,일학습병행자격,L4,선실의장_L4_22V2,W_선실의장_L4_22V2
W,일학습병행자격,L4,선장의장_L4_22V2,W_선장의장_L4_22V2
W,일학습병행자격,L3,자기비파괴검사관리_L3_22V2,W_자기비파괴검사관리_L3_22V2
W,일학습병행자격,L4,전장의장_L4_22V2,W_전장의장_L4_22V2
W,일학습병행자격,L3,초음파비파괴검사관리_L3_22V2,W_초음파비파괴검사관리_L3_22V2
W,일학습병행자격,L3,침투비파괴검사관리_L3_22V2,W_침투비파괴검사관리_L3_22V2
W,일학습병행자격,L3,CNC밀링가공_L3_22V2,W_CNC밀링가공_L3_22V2
W,일학습병행자격,L3,CNC선반가공_L3_22V2,W_CNC선반가공_L3_22V2
W,일학습병행자격,L3,SW개발_L3_22V2,W_SW개발_L3_22V2
W,일학습병행자격,L3,가금사육_L3_22V2,W_가금사육_L3_22V2
W,일학습병행자격,L5,건축구조설계_L5_22V2,W_건축구조설계_L5_22V2
W,일학습병행자격,L5,건축설계_L5_22V2,W_건축설계_L5_22V2
W,일학습병행자격,L3,공연음향_L3_22V2,W_공연음향_L3_22V2
W,일학습병행자격,L3,광물·석유자원개발_L3_22V2,W_광물·석유자원개발_L3_22V2
W,일학습병행자격,L5,광물·석유자원개발_L5_22V2,W_광물·석유자원개발_L5_22V2
W,일학습병행자격,L5,광산보안·화약류관리_L5_22V2,W_광산보안·화약류관리_L5_22V2
W,일학습병행자격,L3,광산조사·탐사_L3_22V2,W_광산조사·탐사_L3_22V2
W,일학습병행자격,L5,광산조사·탐사_L5_22V2,W_광산조사·탐사_L5_22V2
W,일학습병행자격,L2,구조물해체_L2_22V2,W_구조물해체_L2_22V2
W,일학습병행자격,L3,굴삭기정비_L3_22V2,W_굴삭기정비_L3_22V2
W,일학습병행자격,L4,금속재료평가_L4_22V2,W_금속재료평가_L4_22V2
W,일학습병행자격,L4,기계생산관리_L4_22V2,W_기계생산관리_L4_22V2
W,일학습병행자격,L5,기계생산관리_L5_22V2,W_기계생산관리_L5_22V2
W,일학습병행자격,L6,기계설비제어_L6_22V2,W_기계설비제어_L6_22V2
W,일학습병행자격,L6,기계시스템설계_L6_22V2,W_기계시스템설계_L6_22V2
W,일학습병행자격,L3,공연음향_L3_ver1.0,W_공연음향_L3_ver1.0
W,일학습병행자격,L3,디지털디자인_L3_ver1.0,W_디지털디자인_L3_ver1.0
W,일학습병행자격,L3,시각디자인_L3_ver1.0,W_시각디자인_L3_ver1.0
W,일학습병행자격,L3,실내디자인_L3_ver1.0,W_실내디자인_L3_ver1.0
W,일학습병행자격,L3,캐릭터제작_L3_ver1.0,W_캐릭터제작_L3_ver1.0
W,일학습병행자격,L3,텍스타일디자인_L3_ver1.0,W_텍스타일디자인_L3_ver1.0
W,일학습병행자격,L3,환경디자인_L3_ver1.0,W_환경디자인_L3_ver1.0
W,일학습병행자격,L5,검정_L5_ver1.0,W_검정_L5_ver1.0
W,일학습병행자격,L5,선박기관_L5_ver1.0,W_선박기관_L5_ver1.0
W,일학습병행자격,L5,선박항해_L5_ver1.0,W_선박항해_L5_ver1.0
W,일학습병행자격,L5,재난방재조종_L5_ver1.0,W_재난방재조종_L5_ver1.0
W,일학습병행자격,L5,철도관제_L5_ver1.0,W_철도관제_L5_ver1.0
W,일학습병행자격,L5,철도정보통신시설물유지보수_L5_ver1.0,W_철도정보통신시설물유지보수_L5_ver1.0
W,일학습병행자격,L5,항공보안관리_L5_ver1.0,W_항공보안관리_L5_ver1.0
W,일학습병행자격,L4,철도기관_L4_ver1.0,W_철도기관_L4_ver1.0
W,일학습병행자격,L4,철도선로시설물유지보수_L4_ver1.0,W_철도선로시설물유지보수_L4_ver1.0
W,일학습병행자격,L3,경량항공기레저관광조종_L3_ver1.0,W_경량항공기레저관광조종_L3_ver1.0
W,일학습병행자격,L3,선박기관_L3_ver1.0,W_선박기관_L3_ver1.0
W,일학습병행자격,L3,선박항해_L3_ver1.0,W_선박항해_L3_ver1.0
W,일학습병행자격,L3,항공보안관리_L3_ver1.0,W_항공보안관리_L3_ver1.0
W,일학습병행자격,L5,감정평가정보_L5_ver1.0,W_감정평가정보_L5_ver1.0
W,일학습병행자격,L5,부동산관리_L5_ver1.0,W_부동산관리_L5_ver1.0
W,일학습병행자격,L5,부동산자산관리_L5_ver1.0,W_부동산자산관리_L5_ver1.0
W,일학습병행자격,L5,부동산중개_L5_ver1.0,W_부동산중개_L5_ver1.0
W,일학습병행자격,L5,판매관리(방문판매)_L5_ver1.0,W_판매관리(방문판매)_L5_ver1.0
W,일학습병행자격,L3,감정평가정보_L3_ver1.0,W_감정평가정보_L3_ver1.0
W,일학습병행자격,L3,부동산중개_L3_ver1.0,W_부동산중개_L3_ver1.0
W,일학습병행자격,L3,영업_L3_ver1.0,W_영업_L3_ver1.0
W,일학습병행자격,L3,판매관리(전자상거래)_L3_ver1.0,W_판매관리(전자상거래)_L3_ver1.0
W,일학습병행자격,L5,보안경비관리_L5_ver1.0,W_보안경비관리_L5_ver1.0
W,일학습병행자격,L3,보안경비_L3_ver1.0,W_보안경비_L3_ver1.0
W,일학습병행자격,L2,수선_L2_ver1.0,W_수선_L2_ver1.0
W,일학습병행자격,L2,세탁_L2_ver1.0,W_세탁_L2_ver1.0
W,일학습병행자격,L5,네일미용_L5_ver1.0,W_네일미용_L5_ver1.0
W,일학습병행자격,L5,컨벤션기획_L5_ver1.0,W_컨벤션기획_L5_ver1.0
W,일학습병행자격,L5,피부관리_L5_ver1.0,W_피부관리_L5_ver1.0
W,일학습병행자격,L5,선박의장설계_L5_ver1.0,W_선박의장설계_L5_ver1.0
W,일학습병행자격,L5,자동차설계_L5_ver1.0,W_자동차설계_L5_ver1.0
W,일학습병행자격,L5,프레스금형설계_L5_ver1.0,W_프레스금형설계_L5_ver1.0
W,일학습병행자격,L5,항공기부품제작_L5_ver1.0,W_항공기부품제작_L5_ver1.0
W,일학습병행자격,L5,헬리콥터정비_L5_ver1.0,W_헬리콥터정비_L5_ver1.0
W,일학습병행자격,L4,기계장치제어_L4_ver1.0,W_기계장치제어_L4_ver1.0
W,일학습병행자격,L4,기계제어설계_L4_ver1.0,W_기계제어설계_L4_ver1.0
W,일학습병행자격,L4,기계품질경영_L4_ver1.0,W_기계품질경영_L4_ver1.0
W,일학습병행자격,L4,동력기계설치·정비_L4_ver1.0,W_동력기계설치·정비_L4_ver1.0
W,일학습병행자격,L4,선박선체건조_L4_ver1.0,W_선박선체건조_L4_ver1.0
W,일학습병행자격,L4,선박시운전정비_L4_ver1.0,W_선박시운전정비_L4_ver1.0
W,일학습병행자격,L4,선박의장_L4_ver1.0,W_선박의장_L4_ver1.0
W,일학습병행자격,L4,와이어방전가공(와이어컷)_L4_ver1.0,W_와이어방전가공(와이어컷)_L4_ver1.0
W,일학습병행자격,L4,자동차시험평가_L4_ver1.0,W_자동차시험평가_L4_ver1.0
W,일학습병행자격,L4,자동차차체·도장_L4_ver1.0,W_자동차차체·도장_L4_ver1.0
W,일학습병행자격,L4,특수가공(레이저)_L4_ver1.0,W_특수가공(레이저)_L4_ver1.0
W,일학습병행자격,L4,특수가공(플라즈마)_L4_ver1.0,W_특수가공(플라즈마)_L4_ver1.0
W,일학습병행자격,L4,CNC절삭가공(밀링)_L4_ver1.0,W_CNC절삭가공(밀링)_L4_ver1.0
W,일학습병행자격,L3,냉동공조설계_L3_ver1.0,W_냉동공조설계_L3_ver1.0
W,일학습병행자격,L3,냉동공조운영관리_L3_ver1.0,W_냉동공조운영관리_L3_ver1.0
W,일학습병행자격,L3,사출금형설계_L3_ver1.0,W_사출금형설계_L3_ver1.0
W,일학습병행자격,L5,텍스타일디자인_L5_ver2.0,W_텍스타일디자인_L5_ver2.0
W,일학습병행자격,L3,서비스·경험디자인_L3_ver2.0,W_서비스·경험디자인_L3_ver2.0
W,일학습병행자격,L5,서비스·경험디자인_L5_ver2.0,W_서비스·경험디자인_L5_ver2.0
W,일학습병행자격,L3,실내디자인_L3_ver2.0,W_실내디자인_L3_ver2.0
W,일학습병행자격,L5,실내디자인_L5_ver2.0,W_실내디자인_L5_ver2.0
W,일학습병행자격,L3,음악제작_L3_ver2.0,W_음악제작_L3_ver2.0
W,일학습병행자격,L5,게임그래픽_L5_ver2.0,W_게임그래픽_L5_ver2.0
W,일학습병행자격,L5,영화제작_L5_ver2.0,W_영화제작_L5_ver2.0
W,일학습병행자격,L5,방송제작_L5_ver2.0,W_방송제작_L5_ver2.0
W,일학습병행자격,L5,광고제작_L5_ver2.0,W_광고제작_L5_ver2.0
W,일학습병행자격,L3,애니메이션제작_L3_ver2.0,W_애니메이션제작_L3_ver2.0
W,일학습병행자격,L5,게임프로그래밍_L5_ver2.0,W_게임프로그래밍_L5_ver2.0
W,일학습병행자격,L3,캐릭터제작_L3_ver2.0,W_캐릭터제작_L3_ver2.0
W,일학습병행자격,L3,만화제작_L3_ver2.0,W_만화제작_L3_ver2.0
W,일학습병행자격,L4,스마트앱디자인설계_L4_ver2.0,W_스마트앱디자인설계_L4_ver2.0
W,일학습병행자격,L3,종자유통_L3_ver2.0,W_종자유통_L3_ver2.0
W,일학습병행자격,L3,이용(Barber)_L3_ver1.0,W_이용(Barber)_L3_ver1.0
W,일학습병행자격,L3,한식조리_L3_ver1.0,W_한식조리_L3_ver1.0
W,일학습병행자격,L3,절삭가공(선반)_L3_ver1.0,W_절삭가공(선반)_L3_ver1.0
W,일학습병행자격,L3,석유화학제품제조(기능성고분자)_L3_ver1.0,W_석유화학제품제조(기능성고분자)_L3_ver1.0
W,일학습병행자격,L3,정밀화학제품제조(화장품)_L3_ver1.0,W_정밀화학제품제조(화장품)_L3_ver1.0
W,일학습병행자격,L3,수산식품가공(건품)_L3_ver1.0,W_수산식품가공(건품)_L3_ver1.0
W,일학습병행자격,L3,광산·조사탐사_L3_ver1.0,W_광산·조사탐사_L3_ver1.0
W,일학습병행자격,L3,수산양식_L3_ver1.0,W_수산양식_L3_ver1.0
W,일학습병행자격,L4,의료기관행정관리_L4_ver1.0,W_의료기관행정관리_L4_ver1.0
W,일학습병행자격,L4,기계장치조립_L4_ver1.0,W_기계장치조립_L4_ver1.0
W,일학습병행자격,L4,유리재료제조_L4_ver1.0,W_유리재료제조_L4_ver1.0
W,일학습병행자격,L4,정수장운영관리_L4_ver1.0,W_정수장운영관리_L4_ver1.0
W,일학습병행자격,L4,환경시설관리_L4_ver1.0,W_환경시설관리_L4_ver1.0
W,일학습병행자격,L5,보험영업·계약관리_L5_ver1.0,W_보험영업·계약관리_L5_ver1.0
W,일학습병행자격,L5,위험물안전관리_L5_ver1.0,W_위험물안전관리_L5_ver1.0
W,일학습병행자격,L5,광고제작_L5_ver1.0,W_광고제작_L5_ver1.0
W,일학습병행자격,L5,판매관리(매장판매)_L5_ver1.0,W_판매관리(매장판매)_L5_ver1.0
W,일학습병행자격,L5,판매관리(전자상거래)_L5_ver1.0,W_판매관리(전자상거래)_L5_ver1.0
W,일학습병행자격,L5,여행상품기획_L5_ver1.0,W_여행상품기획_L5_ver1.0
W,일학습병행자격,L5,해양환경영향평가관리_L5_ver1.0,W_해양환경영향평가관리_L5_ver1.0
W,일학습병행자격,L5,플라스틱제품제조(컴파운딩)_L5_ver1.0,W_플라스틱제품제조(컴파운딩)_L5_ver1.0
W,일학습병행자격,L5,송배전설비시공_L5_ver1.0,W_송배전설비시공_L5_ver1.0
W,일학습병행자격,L5,전기철도시공_L5_ver1.0,W_전기철도시공_L5_ver1.0
W,일학습병행자격,L5,무선통신설계_L5_ver1.0,W_무선통신설계_L5_ver1.0
W,일학습병행자격,L5,산업안전관리_L5_ver1.0,W_산업안전관리_L5_ver1.0
W,일학습병행자격,L5,해양에너지생산기술_L5_ver1.0,W_해양에너지생산기술_L5_ver1.0
W,일학습병행자격,L3,기계요소설계_L3_22V2,W_기계요소설계_L3_22V2
W,일학습병행자격,L2,기계요소조립_L2_22V2,W_기계요소조립_L2_22V2
W,일학습병행자격,L3,기계장치제어_L3_22V2,W_기계장치제어_L3_22V2
W,일학습병행자격,L3,기계장치조립_L3_22V2,W_기계장치조립_L3_22V2
W,일학습병행자격,L5,기계제어설계_L5_22V2,W_기계제어설계_L5_22V2
W,일학습병행자격,L4,기계품질경영_L4_22V2,W_기계품질경영_L4_22V2
W,일학습병행자격,L5,기계품질경영_L5_22V2,W_기계품질경영_L5_22V2
W,일학습병행자격,L5,기후대기관리_L5_22V2,W_기후대기관리_L5_22V2
W,일학습병행자격,L2,김치류제조가공_L2_22V2,W_김치류제조가공_L2_22V2
W,일학습병행자격,L4,디스플레이개발_L4_22V2,W_디스플레이개발_L4_22V2
W,일학습병행자격,L3,디지털디자인_L3_22V2,W_디지털디자인_L3_22V2
W,일학습병행자격,L6,디지털디자인디렉터_L6_22V2,W_디지털디자인디렉터_L6_22V2
W,일학습병행자격,L3,마케팅·커뮤니케이션_L3_22V2,W_마케팅·커뮤니케이션_L3_22V2
W,일학습병행자격,L5,마케팅전략기획_L5_22V2,W_마케팅전략기획_L5_22V2
W,일학습병행자격,L2,면류제조_L2_22V2,W_면류제조_L2_22V2
W,일학습병행자격,L5,문화예술경영_L5_22V2,W_문화예술경영_L5_22V2
W,일학습병행자격,L2,밀링가공_L2_22V2,W_밀링가공_L2_22V2
W,일학습병행자격,L3,바이오의약품제조_L3_22V2,W_바이오의약품제조_L3_22V2
W,일학습병행자격,L5,바이오의약품제조_L5_22V2,W_바이오의약품제조_L5_22V2
W,일학습병행자격,L3,바이오화학제품제조_L3_22V2,W_바이오화학제품제조_L3_22V2
W,일학습병행자격,L5,바이오화학제품제조_L5_22V2,W_바이오화학제품제조_L5_22V2
W,일학습병행자격,L3,반도체장비조립_L3_22V2,W_반도체장비조립_L3_22V2
W,일학습병행자격,L3,반도체제조운영_L3_22V2,W_반도체제조운영_L3_22V2
W,일학습병행자격,L3,보안경비_L3_22V2,W_보안경비_L3_22V2
W,일학습병행자격,L3,사출금형제작_L3_22V2,W_사출금형제작_L3_22V2
W,일학습병행자격,L3,사회복지서비스_L3_22V2,W_사회복지서비스_L3_22V2
W,일학습병행자격,L5,사회복지서비스_L5_22V2,W_사회복지서비스_L5_22V2
W,일학습병행자격,L4,산업물류_L4_22V2,W_산업물류_L4_22V2
W,일학습병행자격,L3,산업환경전기·계측제어설비_L3_22V2,W_산업환경전기·계측제어설비_L3_22V2
W,일학습병행자격,L5,산업환경전기·계측제어설비_L5_22V2,W_산업환경전기·계측제어설비_L5_22V2
W,일학습병행자격,L4,크루즈운영관리_L4_ver1.0,W_크루즈운영관리_L4_ver1.0
W,일학습병행자격,L3,여행안내_L3_ver1.0,W_여행안내_L3_ver1.0
W,일학습병행자격,L3,카지노운영관리_L3_ver1.0,W_카지노운영관리_L3_ver1.0
W,일학습병행자격,L3,호텔식음료(서비스사)_L3_ver1.0,W_호텔식음료(서비스사)_L3_ver1.0
W,일학습병행자격,L3,바리스타_L3_ver1.0,W_바리스타_L3_ver1.0
W,일학습병행자격,L5,조경_L5_ver1.0,W_조경_L5_ver1.0
W,일학습병행자격,L5,해양플랜트설치·운용관리_L5_ver1.0,W_해양플랜트설치·운용관리_L5_ver1.0
W,일학습병행자격,L3,산업환경기계설비_L3_ver1.0,W_산업환경기계설비_L3_ver1.0
W,일학습병행자격,L3,토목사업관리_L3_ver1.0,W_토목사업관리_L3_ver1.0
W,일학습병행자격,L2,건설기계정비_L2_ver1.0,W_건설기계정비_L2_ver1.0
W,일학습병행자격,L2,도로장비조종_L2_ver1.0,W_도로장비조종_L2_ver1.0
W,일학습병행자격,L2,준설선조종_L2_ver1.0,W_준설선조종_L2_ver1.0
W,일학습병행자격,L2,측량·지리정보개발_L2_ver1.0,W_측량·지리정보개발_L2_ver1.0
W,일학습병행자격,L5,기계품질경영_L5_ver1.0,W_기계품질경영_L5_ver1.0
W,일학습병행자격,L5,철도차량유지보수_L5_ver1.0,W_철도차량유지보수_L5_ver1.0
W,일학습병행자격,L4,기계생산관리_L4_ver1.0,W_기계생산관리_L4_ver1.0
W,일학습병행자격,L4,생산기계설치·정비_L4_ver1.0,W_생산기계설치·정비_L4_ver1.0
W,일학습병행자격,L4,자동차정비_L4_ver1.0,W_자동차정비_L4_ver1.0
W,일학습병행자격,L4,CNC절삭가공(선반)_L4_ver1.0,W_CNC절삭가공(선반)_L4_ver1.0
W,일학습병행자격,L3,선박선체설계_L3_ver1.0,W_선박선체설계_L3_ver1.0
W,일학습병행자격,L3,절삭가공(연삭)_L3_ver1.0,W_절삭가공(연삭)_L3_ver1.0
W,일학습병행자격,L3,항공기엔진정비_L3_ver1.0,W_항공기엔진정비_L3_ver1.0
W,일학습병행자격,L2,기계요소조립_L2_ver1.0,W_기계요소조립_L2_ver1.0
W,일학습병행자격,L2,전산응용기계설계_L2_ver1.0,W_전산응용기계설계_L2_ver1.0
W,일학습병행자격,L4,선재가공_L4_ver1.0,W_선재가공_L4_ver1.0
W,일학습병행자격,L4,일반세라믹제조_L4_ver1.0,W_일반세라믹제조_L4_ver1.0
W,일학습병행자격,L2,금속도장_L2_ver1.0,W_금속도장_L2_ver1.0
W,일학습병행자격,L2,수동용접(CO2)_L2_ver1.0,W_수동용접(CO2)_L2_ver1.0
W,일학습병행자격,L5,바이오화학제품제조_L5_ver1.0,W_바이오화학제품제조_L5_ver1.0
W,일학습병행자격,L5,석유화학제품제조(석유)_L5_ver1.0,W_석유화학제품제조(석유)_L5_ver1.0
W,일학습병행자격,L4,수동용접(가스텅스텐아크)_L4_ver1.0,W_수동용접(가스텅스텐아크)_L4_ver1.0
W,일학습병행자격,L3,전기기기제작_L3_ver1.0,W_전기기기제작_L3_ver1.0
W,일학습병행자격,L5,금융자산관리(증권)_L5_ver1.0,W_금융자산관리(증권)_L5_ver1.0
W,일학습병행자격,L3,원사생산관리(방적_혼타면)_L3_ver1.0,W_원사생산관리(방적_혼타면)_L3_ver1.0
W,일학습병행자격,L3,판매관리(매장판매)_L3_ver1.0,W_판매관리(매장판매)_L3_ver1.0
W,일학습병행자격,L4,철도운전_L4_ver2.0,W_철도운전_L4_ver2.0
W,일학습병행자격,L5,철도관제_L5_ver2.0,W_철도관제_L5_ver2.0
W,일학습병행자격,L5,열차운용DIA관리_L5_ver2.0,W_열차운용DIA관리_L5_ver2.0
W,일학습병행자격,L4,패션디자인_L4_ver2.0,W_패션디자인_L4_ver2.0
W,일학습병행자격,L3,패턴메이킹_L3_ver2.0,W_패턴메이킹_L3_ver2.0
W,일학습병행자격,L3,비주얼머천다이징_L3_ver2.0,W_비주얼머천다이징_L3_ver2.0
W,일학습병행자격,L3,제직의류생산_L3_ver2.0,W_제직의류생산_L3_ver2.0
W,일학습병행자격,L4,편직의류생산_L4_ver2.0,W_편직의류생산_L4_ver2.0
W,일학습병행자격,L3,가죽·모피생산_L3_ver2.0,W_가죽·모피생산_L3_ver2.0
W,일학습병행자격,L5,공연기계장치_L5_ver2.0,W_공연기계장치_L5_ver2.0
W,일학습병행자격,L4,판금제관_L4_ver2.0,W_판금제관_L4_ver2.0
W,일학습병행자격,L3,사출금형설계_L3_ver2.0,W_사출금형설계_L3_ver2.0
W,일학습병행자격,L4,여행상품상담_L4_ver2.0,W_여행상품상담_L4_ver2.0
W,일학습병행자격,L3,커플매니저_L3_ver2.0,W_커플매니저_L3_ver2.0
W,일학습병행자격,L5,재무기획관리_L5_ver2.0,W_재무기획관리_L5_ver2.0
W,일학습병행자격,L3,손해사정_L3_ver2.0,W_손해사정_L3_ver2.0
W,일학습병행자격,L5,위험물안전관리_L5_ver2.0,W_위험물안전관리_L5_ver2.0
W,일학습병행자격,L4,영유아보육_L4_ver2.0,W_영유아보육_L4_ver2.0
W,일학습병행자격,L3,텍스타일디자인_L3_ver2.0,W_텍스타일디자인_L3_ver2.0
W,일학습병행자격,L3,선박기관_L3_ver2.0,W_선박기관_L3_ver2.0
W,일학습병행자격,L3,주택관리_L3_ver2.0,W_주택관리_L3_ver2.0
W,일학습병행자격,L2,헤어디자인_L2_ver2.0,W_헤어디자인_L2_ver2.0
W,일학습병행자격,L3,유원시설운영관리_L3_ver2.0,W_유원시설운영관리_L3_ver2.0
W,일학습병행자격,L5,헬스케어운동지도_L5_ver2.0,W_헬스케어운동지도_L5_ver2.0
W,일학습병행자격,L2,구조물해체_L2_ver2.0,W_구조물해체_L2_ver2.0
W,일학습병행자격,L3,지게차정비_L3_ver2.0,W_지게차정비_L3_ver2.0
W,일학습병행자격,L5,건설관리_L5_ver2.0,W_건설관리_L5_ver2.0
W,일학습병행자격,L3,연삭가공_L3_ver2.0,W_연삭가공_L3_ver2.0
W,일학습병행자격,L3,항공기부품제작_L3_ver2.0,W_항공기부품제작_L3_ver2.0
W,일학습병행자격,L5,기계제어설계_L5_ver2.0,W_기계제어설계_L5_ver2.0
W,일학습병행자격,L2,제강_L2_ver2.0,W_제강_L2_ver2.0
W,일학습병행자격,L4,냉간압연_L4_ver2.0,W_냉간압연_L4_ver2.0
W,일학습병행자격,L3,바이오화학제품제조_L3_ver2.0,W_바이오화학제품제조_L3_ver2.0
W,일학습병행자격,L4,패션머천다이징_L4_ver2.0,W_패션머천다이징_L4_ver2.0
W,일학습병행자격,L5,패턴메이킹_L5_ver2.0,W_패턴메이킹_L5_ver2.0
W,일학습병행자격,L3,화학물질분석_L3_ver3.0,W_화학물질분석_L3_ver3.0
W,일학습병행자격,L3,산업환경기계설비_L3_22V2,W_산업환경기계설비_L3_22V2
W,일학습병행자격,L5,산업환경기계설비_L5_22V2,W_산업환경기계설비_L5_22V2
W,일학습병행자격,L3,생산관리_L3_22V2,W_생산관리_L3_22V2
W,일학습병행자격,L5,생산관리_L5_22V2,W_생산관리_L5_22V2
W,일학습병행자격,L2,선박선체건조_L2_22V2,W_선박선체건조_L2_22V2
W,일학습병행자격,L3,섬유염색가공_L3_22V2,W_섬유염색가공_L3_22V2
W,일학습병행자격,L2,세라믹제조_L2_22V2,W_세라믹제조_L2_22V2
W,일학습병행자격,L4,세라믹제조_L4_22V2,W_세라믹제조_L4_22V2
W,일학습병행자격,L2,세무·회계정보관리_L2_22V2,W_세무·회계정보관리_L2_22V2
W,일학습병행자격,L3,세무·회계정보관리_L3_22V2,W_세무·회계정보관리_L3_22V2
W,일학습병행자격,L3,소방공사관리_L3_22V2,W_소방공사관리_L3_22V2
W,일학습병행자격,L2,수동용접(CO2용접)_L2_22V2,W_수동용접(CO2용접)_L2_22V2
W,일학습병행자격,L2,수산식품가공_L2_22V2,W_수산식품가공_L2_22V2
W,일학습병행자격,L3,수산식품가공_L3_22V2,W_수산식품가공_L3_22V2
W,일학습병행자격,L2,수중구조물시공및준설_L2_22V2,W_수중구조물시공및준설_L2_22V2
W,일학습병행자격,L6,스마트팩토리시스템관리_L6_22V2,W_스마트팩토리시스템관리_L6_22V2
W,일학습병행자격,L3,승강기설치_L3_22V2,W_승강기설치_L3_22V2
W,일학습병행자격,L3,승강기유지관리_L3_22V2,W_승강기유지관리_L3_22V2
W,일학습병행자격,L3,시각디자인_L3_22V2,W_시각디자인_L3_22V2
W,일학습병행자격,L5,시각디자인_L5_22V2,W_시각디자인_L5_22V2
W,일학습병행자격,L3,식음료서비스_L3_22V2,W_식음료서비스_L3_22V2
W,일학습병행자격,L4,식품품질관리_L4_22V2,W_식품품질관리_L4_22V2
W,일학습병행자격,L3,신변보호_L3_22V2,W_신변보호_L3_22V2
W,일학습병행자격,L3,씨앗생산_L3_22V2,W_씨앗생산_L3_22V2
W,일학습병행자격,L5,씨앗생산_L5_22V2,W_씨앗생산_L5_22V2
W,일학습병행자격,L3,연삭가공_L3_22V2,W_연삭가공_L3_22V2
W,일학습병행자격,L3,영업_L3_22V2,W_영업_L3_22V2
W,일학습병행자격,L5,영업_L5_22V2,W_영업_L5_22V2
W,일학습병행자격,L4,압연(냉간압연)_L4_ver1.0,W_압연(냉간압연)_L4_ver1.0
W,일학습병행자격,L3,특수인쇄(그라비어)_L3_ver1.0,W_특수인쇄(그라비어)_L3_ver1.0
W,일학습병행자격,L5,판매관리(통신판매)_L5_ver1.0,W_판매관리(통신판매)_L5_ver1.0
W,일학습병행자격,L3,판매관리(방문판매)_L3_ver1.0,W_판매관리(방문판매)_L3_ver1.0
W,일학습병행자격,L5,헤어디자이너_L5_ver1.0,W_헤어디자이너_L5_ver1.0
W,일학습병행자격,L5,호텔관리_L5_ver1.0,W_호텔관리_L5_ver1.0
W,일학습병행자격,L5,호텔식음료(지배인)_L5_ver1.0,W_호텔식음료(지배인)_L5_ver1.0
W,일학습병행자격,L4,여행상품상담_L4_ver1.0,W_여행상품상담_L4_ver1.0
W,일학습병행자격,L4,유원시설운영서비스_L4_ver1.0,W_유원시설운영서비스_L4_ver1.0
W,일학습병행자격,L3,건강운동관리_L3_ver1.0,W_건강운동관리_L3_ver1.0
W,일학습병행자격,L3,네일미용_L3_ver1.0,W_네일미용_L3_ver1.0
W,일학습병행자격,L3,메이크업아티스트_L3_ver1.0,W_메이크업아티스트_L3_ver1.0
W,일학습병행자격,L3,선수스포츠관리_L3_ver1.0,W_선수스포츠관리_L3_ver1.0
W,일학습병행자격,L3,스포츠클럽운영관리_L3_ver1.0,W_스포츠클럽운영관리_L3_ver1.0
W,일학습병행자격,L3,여가생활지도_L3_ver1.0,W_여가생활지도_L3_ver1.0
W,일학습병행자격,L3,웨딩이벤트매니저_L3_ver1.0,W_웨딩이벤트매니저_L3_ver1.0
W,일학습병행자격,L3,웨딩플래너_L3_ver1.0,W_웨딩플래너_L3_ver1.0
W,일학습병행자격,L3,장례시설관리_L3_ver1.0,W_장례시설관리_L3_ver1.0
W,일학습병행자격,L3,장례지도_L3_ver1.0,W_장례지도_L3_ver1.0
W,일학습병행자격,L3,커플매니저_L3_ver1.0,W_커플매니저_L3_ver1.0
W,일학습병행자격,L3,컨벤션기획_L3_ver1.0,W_컨벤션기획_L3_ver1.0
W,일학습병행자격,L3,피부관리_L3_ver1.0,W_피부관리_L3_ver1.0
W,일학습병행자격,L3,항공객실서비스_L3_ver1.0,W_항공객실서비스_L3_ver1.0
W,일학습병행자격,L2,메이크업아티스트_L2_ver1.0,W_메이크업아티스트_L2_ver1.0
W,일학습병행자격,L2,이용(Barber)_L2_ver1.0,W_이용(Barber)_L2_ver1.0
W,일학습병행자격,L2,헤어디자이너_L2_ver1.0,W_헤어디자이너_L2_ver1.0
W,일학습병행자격,L5,복어조리_L5_ver1.0,W_복어조리_L5_ver1.0
W,일학습병행자격,L5,양식조리_L5_ver1.0,W_양식조리_L5_ver1.0
W,일학습병행자격,L5,일식조리_L5_ver1.0,W_일식조리_L5_ver1.0
W,일학습병행자격,L5,한식조리_L5_ver1.0,W_한식조리_L5_ver1.0
W,일학습병행자격,L3,바텐더_L3_ver1.0,W_바텐더_L3_ver1.0
W,일학습병행자격,L3,복어조리_L3_ver1.0,W_복어조리_L3_ver1.0
W,일학습병행자격,L3,소믈리에_L3_ver1.0,W_소믈리에_L3_ver1.0
W,일학습병행자격,L3,식음료서비스_L3_ver1.0,W_식음료서비스_L3_ver1.0
W,일학습병행자격,L3,양식조리_L3_ver1.0,W_양식조리_L3_ver1.0
W,일학습병행자격,L3,중식조리_L3_ver1.0,W_중식조리_L3_ver1.0
W,일학습병행자격,L4,정비기지시설물유지보수_L4_ver2.0,W_정비기지시설물유지보수_L4_ver2.0
W,일학습병행자격,L4,역시설물유지보수_L4_ver2.0,W_역시설물유지보수_L4_ver2.0
W,일학습병행자격,L5,철도정보통신시설물유지보수_L5_ver2.0,W_철도정보통신시설물유지보수_L5_ver2.0
W,일학습병행자격,L4,철도선로시설물유지보수_L4_ver2.0,W_철도선로시설물유지보수_L4_ver2.0
W,일학습병행자격,L3,선박항해_L3_ver2.0,W_선박항해_L3_ver2.0
W,일학습병행자격,L5,선박항해_L5_ver2.0,W_선박항해_L5_ver2.0
W,일학습병행자격,L5,선박기관_L5_ver2.0,W_선박기관_L5_ver2.0
W,일학습병행자격,L3,해상교통관제_L3_ver2.0,W_해상교통관제_L3_ver2.0
W,일학습병행자격,L5,해상교통관제_L5_ver2.0,W_해상교통관제_L5_ver2.0
W,일학습병행자격,L3,수상레저기구운항_L3_ver2.0,W_수상레저기구운항_L3_ver2.0
W,일학습병행자격,L3,검수_L3_ver2.0,W_검수_L3_ver2.0
W,일학습병행자격,L5,검정_L5_ver2.0,W_검정_L5_ver2.0
W,일학습병행자격,L3,경량항공기레저관광조종_L3_ver2.0,W_경량항공기레저관광조종_L3_ver2.0
W,일학습병행자격,L5,재난방재조종_L5_ver2.0,W_재난방재조종_L5_ver2.0
W,일학습병행자격,L4,항공안전관리_L4_ver2.0,W_항공안전관리_L4_ver2.0
W,일학습병행자격,L5,항공보안관리_L5_ver2.0,W_항공보안관리_L5_ver2.0
W,일학습병행자격,L5,영업_L5_ver2.0,W_영업_L5_ver2.0
W,일학습병행자격,L4,부동산경·공매_L4_ver2.0,W_부동산경·공매_L4_ver2.0
W,일학습병행자격,L5,주택관리_L5_ver2.0,W_주택관리_L5_ver2.0
W,일학습병행자격,L5,부동산자산관리_L5_ver2.0,W_부동산자산관리_L5_ver2.0
W,일학습병행자격,L3,부동산중개_L3_ver2.0,W_부동산중개_L3_ver2.0
W,일학습병행자격,L5,부동산중개_L5_ver2.0,W_부동산중개_L5_ver2.0
W,일학습병행자격,L3,감정평가정보_L3_ver2.0,W_감정평가정보_L3_ver2.0
W,일학습병행자격,L5,감정평가정보_L5_ver2.0,W_감정평가정보_L5_ver2.0
W,일학습병행자격,L5,매장판매_L5_ver2.0,W_매장판매_L5_ver2.0
W,일학습병행자격,L3,방문판매_L3_ver2.0,W_방문판매_L3_ver2.0
W,일학습병행자격,L5,방문판매_L5_ver2.0,W_방문판매_L5_ver2.0
W,일학습병행자격,L3,e-비지니스_L3_ver2.0,W_e-비지니스_L3_ver2.0
W,일학습병행자격,L5,e-비지니스_L5_ver2.0,W_e-비지니스_L5_ver2.0
W,일학습병행자격,L3,기계경비_L3_ver2.0,W_기계경비_L3_ver2.0
W,일학습병행자격,L3,신변보호_L3_ver2.0,W_신변보호_L3_ver2.0
W,일학습병행자격,L3,자동제어기기제작_L3_ver2.0,W_자동제어기기제작_L3_ver2.0
W,일학습병행자격,L4,전자기기소프트웨어개발_L4_ver2.0,W_전자기기소프트웨어개발_L4_ver2.0
W,일학습병행자격,L4,무선통신설계_L4_ver2.0,W_무선통신설계_L4_ver2.0
W,일학습병행자격,L5,SW개발_L5_ver2.0,W_SW개발_L5_ver2.0
W,일학습병행자격,L6,임베디드SW개발_L6_ver2.0,W_임베디드SW개발_L6_ver2.0
W,일학습병행자격,L3,주류제조가공_L3_ver2.0,W_주류제조가공_L3_ver2.0
W,일학습병행자격,L3,귀금속가공_L3_ver2.0,W_귀금속가공_L3_ver2.0
W,일학습병행자격,L3,광산환경관리_L3_ver2.0,W_광산환경관리_L3_ver2.0
W,일학습병행자격,L5,풍력에너지생산기술_L5_ver2.0,W_풍력에너지생산기술_L5_ver2.0
W,일학습병행자격,L2,임산물생산관리_L2_ver2.0,W_임산물생산관리_L2_ver2.0
W,일학습병행자격,L3,염생산관리_L3_ver2.0,W_염생산관리_L3_ver2.0
W,일학습병행자격,L3,마케팅·커뮤니케이션_L3_20V1,W_마케팅·커뮤니케이션_L3_20V1
W,일학습병행자격,L5,광고·홍보_L5_20V1,W_광고·홍보_L5_20V1
W,일학습병행자격,L5,마케팅전략기획_L5_20V1,W_마케팅전략기획_L5_20V1
W,일학습병행자격,L5,마케팅통계분석_L5_20V1,W_마케팅통계분석_L5_20V1
W,일학습병행자격,L3,총무·인사_L3_20V1,W_총무·인사_L3_20V1
W,일학습병행자격,L5,총무·인사_L5_20V1,W_총무·인사_L5_20V1
W,일학습병행자격,L5,재무기획관리_L5_20V1,W_재무기획관리_L5_20V1
W,일학습병행자격,L2,세무·회계정보관리_L2_20V1,W_세무·회계정보관리_L2_20V1
W,일학습병행자격,L3,세무·회계정보관리_L3_20V1,W_세무·회계정보관리_L3_20V1
W,일학습병행자격,L4,산업물류_L4_20V1,W_산업물류_L4_20V1
W,일학습병행자격,L3,수출입관리_L3_20V1,W_수출입관리_L3_20V1
W,일학습병행자격,L3,생산관리_L3_20V1,W_생산관리_L3_20V1
W,일학습병행자격,L5,생산관리_L5_20V1,W_생산관리_L5_20V1
W,일학습병행자격,L3,품질경영_L3_20V1,W_품질경영_L3_20V1
W,일학습병행자격,L5,품질경영_L5_20V1,W_품질경영_L5_20V1
W,일학습병행자격,L3,금융업무관리_L3_20V1,W_금융업무관리_L3_20V1
W,일학습병행자격,L5,증권금융자산관리_L5_20V1,W_증권금융자산관리_L5_20V1
W,일학습병행자격,L3,신용카드운영_L3_20V1,W_신용카드운영_L3_20V1
W,일학습병행자격,L5,자산운용_L5_20V1,W_자산운용_L5_20V1
W,일학습병행자격,L3,매장판매_L3_ver3.0,W_매장판매_L3_ver3.0
W,일학습병행자격,L3,e-비지니스_L3_ver3.0,W_e-비지니스_L3_ver3.0
W,일학습병행자격,L2,자동차정비_L2_ver3.0,W_자동차정비_L2_ver3.0
W,일학습병행자격,L3,사출금형제작_L3_ver3.0,W_사출금형제작_L3_ver3.0
W,일학습병행자격,L3,플라스틱사출성형품제조_L3_ver3.0,W_플라스틱사출성형품제조_L3_ver3.0
W,일학습병행자격,L2,음료제조가공_L2_22V2,W_음료제조가공_L2_22V2
W,일학습병행자격,L3,와이어방전가공_L3_22v2,W_와이어방전가공_L3_22v2
W,일학습병행자격,L2,자동제어기기제작_L2_22V2,W_자동제어기기제작_L2_22V2
W,일학습병행자격,L3,자동제어기기제작_L3_22V2,W_자동제어기기제작_L3_22V2
W,일학습병행자격,L2,자동차보수도장_L2_22V2,W_자동차보수도장_L2_22V2
W,일학습병행자격,L5,자동차시험평가_L5_22V2,W_자동차시험평가_L5_22V2
W,일학습병행자격,L2,자동차정비_L2_22V2,W_자동차정비_L2_22V2
W,일학습병행자격,L3,자동차정비_L3_22V2,W_자동차정비_L3_22V2
W,일학습병행자격,L3,자동차차체도장_L3_22V2,W_자동차차체도장_L3_22V2
W,일학습병행자격,L5,재무기획관리_L5_22V2,W_재무기획관리_L5_22V2
W,일학습병행자격,L5,전기설계_L5_22V2,W_전기설계_L5_22V2
W,일학습병행자격,L2,전기시공_L2_22V2,W_전기시공_L2_22V2
W,일학습병행자격,L2,전산응용기계설계_L2_22V2,W_전산응용기계설계_L2_22V2
W,일학습병행자격,L2,전자기기생산_L2_22V2,W_전자기기생산_L2_22V2
W,일학습병행자격,L4,전자기기서비스_L4_22V2,W_전자기기서비스_L4_22V2
W,일학습병행자격,L3,전자기기하드웨어개발_L3_22V2,W_전자기기하드웨어개발_L3_22V2
W,일학습병행자격,L5,전직지원_L5_22V2,W_전직지원_L5_22V2
W,일학습병행자격,L2,제빵_L2_22V2,W_제빵_L2_22V2
W,일학습병행자격,L5,증권금융자산관리_L5_22V2,W_증권금융자산관리_L5_22V2
W,일학습병행자격,L3,지게차정비_L3_22V2,W_지게차정비_L3_22V2
W,일학습병행자격,L5,직업상담_L5_22V2,W_직업상담_L5_22V2
W,일학습병행자격,L2,철근콘크리트·가설시공_L2_22V2,W_철근콘크리트·가설시공_L2_22V2
W,일학습병행자격,L2,축산식품가공_L2_22V2,W_축산식품가공_L2_22V2
W,일학습병행자격,L2,측량·지리정보개발_L2_22V2,W_측량·지리정보개발_L2_22V2
W,일학습병행자격,L5,측량·지리정보개발_L5_22V2,W_측량·지리정보개발_L5_22V2
W,일학습병행자격,L5,토목설계_L5_22V2,W_토목설계_L5_22V2
W,일학습병행자격,L5,건축설계_L5_ver1.0,W_건축설계_L5_ver1.0
W,일학습병행자격,L5,건축설비_L5_ver1.0,W_건축설비_L5_ver1.0
W,일학습병행자격,L5,건축시공관리_L5_ver1.0,W_건축시공관리_L5_ver1.0
W,일학습병행자격,L5,교통계획설계_L5_ver1.0,W_교통계획설계_L5_ver1.0
W,일학습병행자격,L5,도시계획_L5_ver1.0,W_도시계획_L5_ver1.0
W,일학습병행자격,L5,산업환경전기·계측제어설비_L5_ver1.0,W_산업환경전기·계측제어설비_L5_ver1.0
W,일학습병행자격,L5,측량·지리정보개발_L5_ver1.0,W_측량·지리정보개발_L5_ver1.0
W,일학습병행자격,L5,토목설계_L5_ver1.0,W_토목설계_L5_ver1.0
W,일학습병행자격,L5,토목시공관리_L5_ver1.0,W_토목시공관리_L5_ver1.0
W,일학습병행자격,L5,해양생태분석_L5_ver1.0,W_해양생태분석_L5_ver1.0
W,일학습병행자격,L4,수동용접(가스메탈아크)_L4_ver1.0,W_수동용접(가스메탈아크)_L4_ver1.0
W,일학습병행자격,L3,특수인쇄(플렉소그래피)_L3_ver1.0,W_특수인쇄(플렉소그래피)_L3_ver1.0
W,일학습병행자격,L2,단조압출인발(단조)_L2_ver1.0,W_단조압출인발(단조)_L2_ver1.0
W,일학습병행자격,L2,수동용접(가스메탈아크)_L2_ver1.0,W_수동용접(가스메탈아크)_L2_ver1.0
W,일학습병행자격,L2,자동용접(로봇용접)_L2_ver1.0,W_자동용접(로봇용접)_L2_ver1.0
W,일학습병행자격,L2,수동용접(가스텅스텐아크)_L2_ver1.0,W_수동용접(가스텅스텐아크)_L2_ver1.0
W,일학습병행자격,L4,자동용접(로봇용접)_L4_ver1.0,W_자동용접(로봇용접)_L4_ver1.0
W,일학습병행자격,L3,판매관리(통신판매)_L3_ver1.0,W_판매관리(통신판매)_L3_ver1.0
W,일학습병행자격,L2,전기기기제작_L2_ver1.0,W_전기기기제작_L2_ver1.0
W,일학습병행자격,L2,압연(냉간압연)_L2_ver1.0,W_압연(냉간압연)_L2_ver1.0
W,일학습병행자격,L3,자재관리_L3_ver1.0,W_자재관리_L3_ver1.0
W,일학습병행자격,L3,신용카드운영_L3_ver1.0,W_신용카드운영_L3_ver1.0
W,일학습병행자격,L5,공연음향_L5_ver1.0,W_공연음향_L5_ver1.0
W,일학습병행자격,L5,문화예술경영_L5_ver1.0,W_문화예술경영_L5_ver1.0
W,일학습병행자격,L4,만화제작_L4_ver1.0,W_만화제작_L4_ver1.0
W,일학습병행자격,L3,서비스·경험디자인_L3_ver1.0,W_서비스·경험디자인_L3_ver1.0
W,일학습병행자격,L4,항공안전관리_L4_ver1.0,W_항공안전관리_L4_ver1.0
W,일학습병행자격,L4,카지노기획개발_L4_ver1.0,W_카지노기획개발_L4_ver1.0
W,일학습병행자격,L3,헤어디자이너_L3_ver1.0,W_헤어디자이너_L3_ver1.0
W,일학습병행자격,L3,일식조리_L3_ver1.0,W_일식조리_L3_ver1.0
W,일학습병행자격,L3,건축구조설계_L3_ver1.0,W_건축구조설계_L3_ver1.0
W,일학습병행자격,L3,축산식품저장·유통_L3_ver1.0,W_축산식품저장·유통_L3_ver1.0
W,일학습병행자격,L3,출판에디터_L3_ver1.0,W_출판에디터_L3_ver1.0
W,일학습병행자격,L3,산업보건관리_L3_ver1.0,W_산업보건관리_L3_ver1.0
W,일학습병행자격,L5,식품육종_L5_ver1.0,W_식품육종_L5_ver1.0
W,일학습병행자격,L2,세탁_L2_ver2.0,W_세탁_L2_ver2.0
W,일학습병행자격,L2,수선_L2_ver2.0,W_수선_L2_ver2.0
W,일학습병행자격,L2,네일미용_L2_ver2.0,W_네일미용_L2_ver2.0
W,일학습병행자격,L3,네일미용_L3_ver2.0,W_네일미용_L3_ver2.0
W,일학습병행자격,L5,네일미용_L5_ver2.0,W_네일미용_L5_ver2.0
W,일학습병행자격,L2,피부관리_L2_ver2.0,W_피부관리_L2_ver2.0
W,일학습병행자격,L3,피부관리_L3_ver2.0,W_피부관리_L3_ver2.0
W,일학습병행자격,L3,헤어디자인_L3_ver2.0,W_헤어디자인_L3_ver2.0
W,일학습병행자격,L5,뷰티디자인전문_L5_ver2.0,W_뷰티디자인전문_L5_ver2.0
W,일학습병행자격,L3,사출금형제작_L3_ver1.0,W_사출금형제작_L3_ver1.0
W,일학습병행자격,L3,생산기계설치·정비_L3_ver1.0,W_생산기계설치·정비_L3_ver1.0
W,일학습병행자격,L3,선박시운전정비_L3_ver1.0,W_선박시운전정비_L3_ver1.0
W,일학습병행자격,L3,선박의장설계_L3_ver1.0,W_선박의장설계_L3_ver1.0
W,일학습병행자격,L3,패션소품생산_L3_ver2.0,W_패션소품생산_L3_ver2.0
W,일학습병행자격,L3,한복생산_L3_ver2.0,W_한복생산_L3_ver2.0
W,일학습병행자격,L4,패션제품유통_L4_ver2.0,W_패션제품유통_L4_ver2.0
W,일학습병행자격,L5,패션제품유통_L5_ver2.0,W_패션제품유통_L5_ver2.0
W,일학습병행자격,L2,신발제조_L2_ver2.0,W_신발제조_L2_ver2.0
W,일학습병행자격,L5,송배전설비시공_L5_ver2.0,W_송배전설비시공_L5_ver2.0
W,일학습병행자격,L5,전력계통설계_L5_ver2.0,W_전력계통설계_L5_ver2.0
W,일학습병행자격,L5,전기감리_L5_ver2.0,W_전기감리_L5_ver2.0
W,일학습병행자격,L5,전기기기설계_L5_ver2.0,W_전기기기설계_L5_ver2.0
W,일학습병행자격,L3,전기기기제작_L3_ver2.0,W_전기기기제작_L3_ver2.0
W,일학습병행자격,L2,전기기기제작_L2_ver2.0,W_전기기기제작_L2_ver2.0
W,일학습병행자격,L3,전기설계_L3_ver2.0,W_전기설계_L3_ver2.0
W,일학습병행자격,L5,전기설계_L5_ver2.0,W_전기설계_L5_ver2.0
W,일학습병행자격,L3,전기시공_L3_ver2.0,W_전기시공_L3_ver2.0
W,일학습병행자격,L2,전기시공_L2_ver2.0,W_전기시공_L2_ver2.0
W,일학습병행자격,L5,전기설비시공_L5_ver2.0,W_전기설비시공_L5_ver2.0
W,일학습병행자격,L2,자동제어기기제작_L2_ver2.0,W_자동제어기기제작_L2_ver2.0
W,일학습병행자격,L5,전력계통감리_L5_ver2.0,W_전력계통감리_L5_ver2.0
W,일학습병행자격,L3,플라스틱사출성형품제조_L3_ver2.0,W_플라스틱사출성형품제조_L3_ver2.0
W,일학습병행자격,L2,비철금속건식제련_L2_ver3.0,W_비철금속건식제련_L2_ver3.0
W,일학습병행자격,L2,수동용접(CO2용접)_L2_ver3.0,W_수동용접(CO2용접)_L2_ver3.0
W,일학습병행자격,L4,수동용접(가스텅스텐아크용접)_L4_ver3.0,W_수동용접(가스텅스텐아크용접)_L4_ver3.0
W,일학습병행자격,L2,세라믹제조_L2_ver3.0,W_세라믹제조_L2_ver3.0
W,일학습병행자격,L2,탄소제품제조_L2_ver3.0,W_탄소제품제조_L2_ver3.0
W,일학습병행자격,L3,기초석유화학제품제조_L3_ver3.0,W_기초석유화학제품제조_L3_ver3.0
W,일학습병행자격,L3,섬유염색가공_L3_ver3.0,W_섬유염색가공_L3_ver3.0
W,일학습병행자격,L3,보험영업·계약관리_L3_20V1,W_보험영업·계약관리_L3_20V1
W,일학습병행자격,L5,보험영업·계약관리_L5_20V1,W_보험영업·계약관리_L5_20V1
W,일학습병행자격,L5,인보험계약심사(언더라이팅)_L5_20V1,W_인보험계약심사(언더라이팅)_L5_20V1
W,일학습병행자격,L3,손해사정_L3_20V1,W_손해사정_L3_20V1
W,일학습병행자격,L5,신체손해사정_L5_20V1,W_신체손해사정_L5_20V1
W,일학습병행자격,L5,평생교육프로그램개발운영_L5_20V1,W_평생교육프로그램개발운영_L5_20V1
W,일학습병행자격,L5,기업교육_L5_20V1,W_기업교육_L5_20V1
W,일학습병행자격,L5,지식재산사무_L5_20V1,W_지식재산사무_L5_20V1
W,일학습병행자격,L3,소방공사관리_L3_20V1,W_소방공사관리_L3_20V1
W,일학습병행자격,L5,의료기관의료기기안전관리_L5_20V1,W_의료기관의료기기안전관리_L5_20V1
W,일학습병행자격,L2,요양보호_L2_20V1,W_요양보호_L2_20V1
W,일학습병행자격,L4,의료기관행정관리_L4_20V1,W_의료기관행정관리_L4_20V1
W,일학습병행자격,L3,의료코디네이터_L3_20V1,W_의료코디네이터_L3_20V1
W,일학습병행자격,L5,사회복지정책_L5_20V1,W_사회복지정책_L5_20V1
W,일학습병행자격,L3,사회복지서비스_L3_20V1,W_사회복지서비스_L3_20V1
W,일학습병행자격,L5,사회복지서비스_L5_20V1,W_사회복지서비스_L5_20V1
W,일학습병행자격,L5,직업상담_L5_20V1,W_직업상담_L5_20V1
W,일학습병행자격,L5,전직지원_L5_20V1,W_전직지원_L5_20V1
W,일학습병행자격,L4,청소년활동_L4_20V1,W_청소년활동_L4_20V1
W,일학습병행자격,L5,문화예술경영_L5_20V1,W_문화예술경영_L5_20V1
W,일학습병행자격,L5,사진촬영_L5_20V1,W_사진촬영_L5_20V1
W,일학습병행자격,L3,공연음향_L3_20V1,W_공연음향_L3_20V1
W,일학습병행자격,L3,시각디자인_L3_20V1,W_시각디자인_L3_20V1
W,일학습병행자격,L5,시각디자인_L5_20V1,W_시각디자인_L5_20V1
W,일학습병행자격,L3,제품디자인_L3_20V1,W_제품디자인_L3_20V1
W,일학습병행자격,L5,제품디자인_L5_20V1,W_제품디자인_L5_20V1
W,일학습병행자격,L5,피부관리_L5_ver2.0,W_피부관리_L5_ver2.0
W,일학습병행자격,L2,패션제품유통_L2_ver2.0,W_패션제품유통_L2_ver2.0
W,일학습병행자격,L3,도료제조_L3_ver2.0,W_도료제조_L3_ver2.0
W,일학습병행자격,L5,합섬원사생산_L5_ver2.0,W_합섬원사생산_L5_ver2.0
W,일학습병행자격,L3,섬유염색가공_L3_ver2.0,W_섬유염색가공_L3_ver2.0
W,일학습병행자격,L3,기계장치조립_L3_ver2.0,W_기계장치조립_L3_ver2.0
W,일학습병행자격,L2,수동용접(CO2용접)_L2_ver2.0,W_수동용접(CO2용접)_L2_ver2.0
W,일학습병행자격,L5,공연하우스매니징_L5_ver2.0,W_공연하우스매니징_L5_ver2.0
W,일학습병행자격,L5,토목시공관리_L5_22V2,W_토목시공관리_L5_22V2
W,일학습병행자격,L3,특수인쇄_L3_22V2,W_특수인쇄_L3_22V2
W,일학습병행자격,L4,패션머천다이징_L4_22V2,W_패션머천다이징_L4_22V2
W,일학습병행자격,L3,패션소품생산_L3_22V2,W_패션소품생산_L3_22V2
W,일학습병행자격,L2,패션제품유통_L2_22V2,W_패션제품유통_L2_22V2
W,일학습병행자격,L4,패션제품유통_L4_22V2,W_패션제품유통_L4_22V2
W,일학습병행자격,L5,폐자원에너지생산기술_L5_22V2,W_폐자원에너지생산기술_L5_22V2
W,일학습병행자격,L3,품질경영_L3_22V2,W_품질경영_L3_22V2
W,일학습병행자격,L3,프레스금형제작_L3_22V2,W_프레스금형제작_L3_22V2
W,일학습병행자격,L4,프리프레스_L4_22V2,W_프리프레스_L4_22V2
W,일학습병행자격,L3,한우사육_L3_22V2,W_한우사육_L3_22V2
W,일학습병행자격,L3,항공기부품제작_L3_22V2,W_항공기부품제작_L3_22V2
W,일학습병행자격,L3,헤어디자인_L3_22V2,W_헤어디자인_L3_22V2
W,일학습병행자격,L5,환경디자인_L5_22V2,W_환경디자인_L5_22V2
W,일학습병행자격,L4,환경시설관리_L4_22V2,W_환경시설관리_L4_22V2
W,일학습병행자격,L5,환경영향평가_L5_22V2,W_환경영향평가_L5_22V2
W,일학습병행자격,L3,말사육_L3_ver1.0,W_말사육_L3_ver1.0
W,일학습병행자격,L2,목재가공_L2_ver1.0,W_목재가공_L2_ver1.0
W,일학습병행자격,L3,해양플랜트설치·운용관리_L3_ver1.0,W_해양플랜트설치·운용관리_L3_ver1.0
W,일학습병행자격,L2,철근콘크리트·가설시공_L2_ver1.0,W_철근콘크리트·가설시공_L2_ver1.0
W,일학습병행자격,L4,기계구조해석설계_L4_ver1.0,W_기계구조해석설계_L4_ver1.0
W,일학습병행자격,L3,기계요소설계_L3_ver1.0,W_기계요소설계_L3_ver1.0
W,일학습병행자격,L3,항공기기체정비_L3_ver1.0,W_항공기기체정비_L3_ver1.0
W,일학습병행자격,L4,단조압출인발(압출인발)_L4_ver1.0,W_단조압출인발(압출인발)_L4_ver1.0
W,일학습병행자격,L2,금속재료설계_L2_ver1.0,W_금속재료설계_L2_ver1.0
W,일학습병행자격,L5,석유화학제품제조(기능성고분자)_L5_ver1.0,W_석유화학제품제조(기능성고분자)_L5_ver1.0
W,일학습병행자격,L5,석유화학제품제조(합성수지)_L5_ver1.0,W_석유화학제품제조(합성수지)_L5_ver1.0
W,일학습병행자격,L5,정밀화학제품제조(도료)_L5_ver1.0,W_정밀화학제품제조(도료)_L5_ver1.0
W,일학습병행자격,L5,정밀화학제품제조(화장품)_L5_ver1.0,W_정밀화학제품제조(화장품)_L5_ver1.0
W,일학습병행자격,L5,플라스틱제품제조_L5_ver1.0,W_플라스틱제품제조_L5_ver1.0
W,일학습병행자격,L3,석유화학제품제조(고분자복합재료)_L3_ver1.0,W_석유화학제품제조(고분자복합재료)_L3_ver1.0
W,일학습병행자격,L5,해양환경보전관리_L5_ver1.0,W_해양환경보전관리_L5_ver1.0
W,일학습병행자격,L3,건축설계_L3_ver1.0,W_건축설계_L3_ver1.0
W,일학습병행자격,L3,건축설비설계_L3_ver1.0,W_건축설비설계_L3_ver1.0
W,일학습병행자격,L3,굴삭기정비_L3_ver1.0,W_굴삭기정비_L3_ver1.0
W,일학습병행자격,L3,수산식품가공(분쇄)_L3_ver1.0,W_수산식품가공(분쇄)_L3_ver1.0
W,일학습병행자격,L3,수산식품가공(염장발효)_L3_ver1.0,W_수산식품가공(염장발효)_L3_ver1.0
W,일학습병행자격,L3,수산식품가공(조미)_L3_ver1.0,W_수산식품가공(조미)_L3_ver1.0
W,일학습병행자격,L3,수산식품저장·유통_L3_ver1.0,W_수산식품저장·유통_L3_ver1.0
W,일학습병행자격,L3,유제품가공(아이스크림)_L3_ver1.0,W_유제품가공(아이스크림)_L3_ver1.0
W,일학습병행자격,L3,유제품가공(음용유류)_L3_ver1.0,W_유제품가공(음용유류)_L3_ver1.0
W,일학습병행자격,L3,음료주류가공(음료가공)_L3_ver1.0,W_음료주류가공(음료가공)_L3_ver1.0
W,일학습병행자격,L3,음료주류가공(주류가공)_L3_ver1.0,W_음료주류가공(주류가공)_L3_ver1.0
W,일학습병행자격,L3,제과_L3_ver1.0,W_제과_L3_ver1.0
W,일학습병행자격,L3,제빵_L3_ver1.0,W_제빵_L3_ver1.0
W,일학습병행자격,L3,축산식품가공(살균제품)_L3_ver1.0,W_축산식품가공(살균제품)_L3_ver1.0
W,일학습병행자격,L3,축산식품가공(식육단순가공)_L3_ver1.0,W_축산식품가공(식육단순가공)_L3_ver1.0
W,일학습병행자격,L3,축산식품가공(햄소시지)_L3_ver1.0,W_축산식품가공(햄소시지)_L3_ver1.0
W,일학습병행자격,L5,귀금속가공(귀금속세공)_L5_ver1.0,W_귀금속가공(귀금속세공)_L5_ver1.0
W,일학습병행자격,L5,귀금속가공(주얼리캐드원형)_L5_ver1.0,W_귀금속가공(주얼리캐드원형)_L5_ver1.0
W,일학습병행자격,L5,전기철도시공_L5_ver2.0,W_전기철도시공_L5_ver2.0
W,일학습병행자격,L3,전기철도신호시공_L3_ver2.0,W_전기철도신호시공_L3_ver2.0
W,일학습병행자격,L2,전기철도신호시공_L2_ver2.0,W_전기철도신호시공_L2_ver2.0
W,일학습병행자격,L5,철도신호시공_L5_ver2.0,W_철도신호시공_L5_ver2.0
W,일학습병행자격,L4,전자기기기획_L4_ver2.0,W_전자기기기획_L4_ver2.0
W,일학습병행자격,L5,전자기기기획_L5_ver2.0,W_전자기기기획_L5_ver2.0
W,일학습병행자격,L2,전자기기생산_L2_ver2.0,W_전자기기생산_L2_ver2.0
W,일학습병행자격,L4,전자기기생산_L4_ver2.0,W_전자기기생산_L4_ver2.0
W,일학습병행자격,L2,전자기기서비스_L2_ver2.0,W_전자기기서비스_L2_ver2.0
W,일학습병행자격,L4,전자기기서비스_L4_ver2.0,W_전자기기서비스_L4_ver2.0
W,일학습병행자격,L3,전자기기하드웨어개발_L3_ver2.0,W_전자기기하드웨어개발_L3_ver2.0
W,일학습병행자격,L5,전자기기하드웨어개발_L5_ver2.0,W_전자기기하드웨어개발_L5_ver2.0
W,일학습병행자격,L2,전자기기소프트웨어개발_L2_ver2.0,W_전자기기소프트웨어개발_L2_ver2.0
W,일학습병행자격,L5,전자기기소프트웨어개발_L5_ver2.0,W_전자기기소프트웨어개발_L5_ver2.0
W,일학습병행자격,L2,전자기기기구개발_L2_ver2.0,W_전자기기기구개발_L2_ver2.0
W,일학습병행자격,L5,전자기기기구개발_L5_ver2.0,W_전자기기기구개발_L5_ver2.0
W,일학습병행자격,L5,반도체장비개발_L5_ver2.0,W_반도체장비개발_L5_ver2.0
W,일학습병행자격,L3,반도체장비조립_L3_ver2.0,W_반도체장비조립_L3_ver2.0
W,일학습병행자격,L3,반도체설계_L3_ver2.0,W_반도체설계_L3_ver2.0
W,일학습병행자격,L4,반도체설계_L4_ver2.0,W_반도체설계_L4_ver2.0
W,일학습병행자격,L3,승강기설치_L3_ver1.0,W_승강기설치_L3_ver1.0
W,일학습병행자격,L3,승강기유지관리_L3_ver1.0,W_승강기유지관리_L3_ver1.0
W,일학습병행자격,L3,절삭가공(밀링)_L3_ver1.0,W_절삭가공(밀링)_L3_ver1.0
W,일학습병행자격,L3,철도차량유지보수_L3_ver1.0,W_철도차량유지보수_L3_ver1.0
W,일학습병행자격,L3,프레스금형설계_L3_ver1.0,W_프레스금형설계_L3_ver1.0
W,일학습병행자격,L3,프레스금형제작_L3_ver1.0,W_프레스금형제작_L3_ver1.0
W,일학습병행자격,L3,항공기부품제작_L3_ver1.0,W_항공기부품제작_L3_ver1.0
W,일학습병행자격,L3,항공기전자장치정비_L3_ver1.0,W_항공기전자장치정비_L3_ver1.0
W,일학습병행자격,L2,기계가공초급(밀링)_L2_ver1.0,W_기계가공초급(밀링)_L2_ver1.0
W,일학습병행자격,L2,기계가공초급(선반)_L2_ver1.0,W_기계가공초급(선반)_L2_ver1.0
W,일학습병행자격,L2,기계가공초급(연삭)_L2_ver1.0,W_기계가공초급(연삭)_L2_ver1.0
W,일학습병행자격,L2,냉동공조설치운영_L2_ver1.0,W_냉동공조설치운영_L2_ver1.0
W,일학습병행자격,L2,선박의장_L2_ver1.0,W_선박의장_L2_ver1.0
W,일학습병행자격,L2,자동차정비_L2_ver1.0,W_자동차정비_L2_ver1.0
W,일학습병행자격,L2,자동차보수도장_L2_ver1.0,W_자동차보수도장_L2_ver1.0
W,일학습병행자격,L3,환경디자인_L3_20V1,W_환경디자인_L3_20V1
W,일학습병행자격,L5,환경디자인_L5_20V1,W_환경디자인_L5_20V1
W,일학습병행자격,L3,디지털디자인_L3_20V1,W_디지털디자인_L3_20V1
W,일학습병행자격,L5,디지털디자인_L5_20V1,W_디지털디자인_L5_20V1
W,일학습병행자격,L3,텍스타일디자인_L3_20V1,W_텍스타일디자인_L3_20V1
W,일학습병행자격,L3,서비스·경험디자인_L3_20V1,W_서비스·경험디자인_L3_20V1
W,일학습병행자격,L5,서비스·경험디자인_L5_20V1,W_서비스·경험디자인_L5_20V1
W,일학습병행자격,L3,실내디자인_L3_20V1,W_실내디자인_L3_20V1
W,일학습병행자격,L5,실내디자인_L5_20V1,W_실내디자인_L5_20V1
W,일학습병행자격,L5,게임그래픽_L5_20V1,W_게임그래픽_L5_20V1
W,일학습병행자격,L5,방송제작_L5_20V1,W_방송제작_L5_20V1
W,일학습병행자격,L5,광고제작_L5_20V1,W_광고제작_L5_20V1
W,일학습병행자격,L3,애니메이션제작_L3_20V1,W_애니메이션제작_L3_20V1
W,일학습병행자격,L5,게임프로그래밍_L5_20V1,W_게임프로그래밍_L5_20V1
W,일학습병행자격,L3,캐릭터제작_L3_20V1,W_캐릭터제작_L3_20V1
W,일학습병행자격,L3,만화제작_L3_20V1,W_만화제작_L3_20V1
W,일학습병행자격,L4,스마트앱디자인설계_L4_20V1,W_스마트앱디자인설계_L4_20V1
W,일학습병행자격,L3,영업_L3_20V1,W_영업_L3_20V1
W,일학습병행자격,L5,영업_L5_20V1,W_영업_L5_20V1
W,일학습병행자격,L3,주택관리_L3_20V1,W_주택관리_L3_20V1
W,일학습병행자격,L5,상업용건물관리_L5_20V1,W_상업용건물관리_L5_20V1
W,일학습병행자격,L5,부동산자산관리_L5_20V1,W_부동산자산관리_L5_20V1
W,일학습병행자격,L3,매장판매_L3_20V1,W_매장판매_L3_20V1
W,일학습병행자격,L5,매장판매_L5_20V1,W_매장판매_L5_20V1
W,일학습병행자격,L3,e-비지니스_L3_20V1,W_e-비지니스_L3_20V1
W,일학습병행자격,L5,e-비지니스_L5_20V1,W_e-비지니스_L5_20V1
W,일학습병행자격,L3,보안경비_L3_20V1,W_보안경비_L3_20V1
W,일학습병행자격,L3,기계경비_L3_20V1,W_기계경비_L3_20V1
W,일학습병행자격,L3,신변보호_L3_20V1,W_신변보호_L3_20V1
W,일학습병행자격,L3,헤어디자인_L3_20V1,W_헤어디자인_L3_20V1
W,일학습병행자격,L5,뷰티디자인전문_L5_20V1,W_뷰티디자인전문_L5_20V1
W,일학습병행자격,L3,메이크업디자인_L3_20V1,W_메이크업디자인_L3_20V1
W,일학습병행자격,L3,웨딩플래너_L3_20V1,W_웨딩플래너_L3_20V1
W,일학습병행자격,L4,카지노기획개발_L4_20V1,W_카지노기획개발_L4_20V1
W,일학습병행자격,L3,카지노딜러_L3_20V1,W_카지노딜러_L3_20V1
W,일학습병행자격,L4,크루즈운영관리_L4_20V1,W_크루즈운영관리_L4_20V1
W,일학습병행자격,L3,유원시설운영관리_L3_20V1,W_유원시설운영관리_L3_20V1
W,일학습병행자격,L5,마케팅통계분석_L5_24V2,W_마케팅통계분석_L5_24V2
W,일학습병행자격,L5,기업교육_L5_24V2,W_기업교육_L5_24V2
W,일학습병행자격,L4,의료기관행정관리_L4_24V2,W_의료기관행정관리_L4_24V2
W,일학습병행자격,L5,e-비지니스_L5_24V2,W_e-비지니스_L5_24V2
W,일학습병행자격,L5,여행상품기획_L5_24V2,W_여행상품기획_L5_24V2
W,일학습병행자격,L3,컨벤션기획_L3_24V2,W_컨벤션기획_L3_24V2
W,일학습병행자격,L2,일식조리_L2_24V2,W_일식조리_L2_24V2
W,일학습병행자격,L5,건축설비_L5_24V2,W_건축설비_L5_24V2
W,일학습병행자격,L2,건축설비시공_L2_24V2,W_건축설비시공_L2_24V2
W,일학습병행자격,L2,단열시공_L2_24V2,W_단열시공_L2_24V2
W,일학습병행자격,L2,미장·방수·타일시공_L2_24V2,W_미장·방수·타일시공_L2_24V2
W,일학습병행자격,L5,도시계획_L5_24V2,W_도시계획_L5_24V2
W,일학습병행자격,L3,프레스금형설계_L3_24V2,W_프레스금형설계_L3_24V2
W,일학습병행자격,L5,프레스금형설계_L5_24V2,W_프레스금형설계_L5_24V2
W,일학습병행자격,L2,금속도장_L2_24V2,W_금속도장_L2_24V2
W,일학습병행자격,L4,금속도장_L4_24V2,W_금속도장_L4_24V2
W,일학습병행자격,L3,단조압출인발(압출인발)_L3_24V2,W_단조압출인발(압출인발)_L3_24V2
W,일학습병행자격,L2,비철금속건식제련_L2_24V2,W_비철금속건식제련_L2_24V2
W,일학습병행자격,L4,비철금속건식제련_L4_24V2,W_비철금속건식제련_L4_24V2
W,일학습병행자격,L2,비철금속습식제련_L2_24V2,W_비철금속습식제련_L2_24V2
W,일학습병행자격,L4,비철금속습식제련_L4_24V2,W_비철금속습식제련_L4_24V2
W,일학습병행자격,L4,수동용접(CO2용접)_L4_24V2,W_수동용접(CO2용접)_L4_24V2
W,일학습병행자격,L2,수동용접(가스메탈아크용접)_L2_24V2,W_수동용접(가스메탈아크용접)_L2_24V2
W,일학습병행자격,L5,나전칠기_L5_ver1.0,W_나전칠기_L5_ver1.0
W,일학습병행자격,L5,목공예_L5_ver1.0,W_목공예_L5_ver1.0
W,일학습병행자격,L5,보석감정_L5_ver1.0,W_보석감정_L5_ver1.0
W,일학습병행자격,L5,주얼리디자이너·머천다이저(주얼리마케팅)_L5_ver1.0,W_주얼리디자이너·머천다이저(주얼리마케팅)_L5_ver1.0
W,일학습병행자격,L4,금속공예_L4_ver1.0,W_금속공예_L4_ver1.0
W,일학습병행자격,L4,단위화훼장식지도_L4_ver1.0,W_단위화훼장식지도_L4_ver1.0
W,일학습병행자격,L4,프리프레스_L4_ver1.0,W_프리프레스_L4_ver1.0
W,일학습병행자격,L3,귀금속가공_L3_ver1.0,W_귀금속가공_L3_ver1.0
W,일학습병행자격,L3,나전칠기_L3_ver1.0,W_나전칠기_L3_ver1.0
W,일학습병행자격,L3,보석감정_L3_ver1.0,W_보석감정_L3_ver1.0
W,일학습병행자격,L3,석공예_L3_ver1.0,W_석공예_L3_ver1.0
W,일학습병행자격,L3,섬유공예_L3_ver1.0,W_섬유공예_L3_ver1.0
W,일학습병행자격,L3,주얼리디자이너·머천다이저(보석디자인)_L3_ver1.0,W_주얼리디자이너·머천다이저(보석디자인)_L3_ver1.0
W,일학습병행자격,L3,출판콘텐츠연출_L3_ver1.0,W_출판콘텐츠연출_L3_ver1.0
W,일학습병행자격,L3,칠공예_L3_ver1.0,W_칠공예_L3_ver1.0
W,일학습병행자격,L3,편집디자이너_L3_ver1.0,W_편집디자이너_L3_ver1.0
W,일학습병행자격,L3,프리프레스_L3_ver1.0,W_프리프레스_L3_ver1.0
W,일학습병행자격,L2,가구제작_L2_ver1.0,W_가구제작_L2_ver1.0
W,일학습병행자격,L2,단위화훼장식지도_L2_ver1.0,W_단위화훼장식지도_L2_ver1.0
W,일학습병행자격,L2,평판인쇄_L2_ver1.0,W_평판인쇄_L2_ver1.0
W,일학습병행자격,L5,광물·석유자원개발_L5_ver1.0,W_광물·석유자원개발_L5_ver1.0
W,일학습병행자격,L3,석유화학제품제조(합성고무)_L3_ver1.0,W_석유화학제품제조(합성고무)_L3_ver1.0
W,일학습병행자격,L3,정밀화학제품제조(농약)_L3_ver1.0,W_정밀화학제품제조(농약)_L3_ver1.0
W,일학습병행자격,L3,정밀화학제품제조(첨가제)_L3_ver1.0,W_정밀화학제품제조(첨가제)_L3_ver1.0
W,일학습병행자격,L3,플라스틱제품제조(컴파운딩)_L3_ver1.0,W_플라스틱제품제조(컴파운딩)_L3_ver1.0
W,일학습병행자격,L5,원사생산관리(방사)_L5_ver1.0,W_원사생산관리(방사)_L5_ver1.0
W,일학습병행자격,L4,패션디자인_L4_ver1.0,W_패션디자인_L4_ver1.0
W,일학습병행자격,L3,원단생산관리(제직_정경)_L3_ver1.0,W_원단생산관리(제직_정경)_L3_ver1.0
W,일학습병행자격,L2,신발제조_L2_ver1.0,W_신발제조_L2_ver1.0
W,일학습병행자격,L5,로봇제어기하드웨어개발_L5_ver1.0,W_로봇제어기하드웨어개발_L5_ver1.0
W,일학습병행자격,L5,전자기기소프트웨어개발(응용)_L5_ver1.0,W_전자기기소프트웨어개발(응용)_L5_ver1.0
W,일학습병행자격,L4,전자기기서비스_L4_ver1.0,W_전자기기서비스_L4_ver1.0
W,일학습병행자격,L3,반도체장비조립_L3_ver1.0,W_반도체장비조립_L3_ver1.0
W,일학습병행자격,L3,전자기기제작_L3_ver1.0,W_전자기기제작_L3_ver1.0
W,일학습병행자격,L2,전자기기생산_L2_ver1.0,W_전자기기생산_L2_ver1.0
W,일학습병행자격,L4,강관제조_L4_ver1.0,W_강관제조_L4_ver1.0
W,일학습병행자격,L4,금속도장_L4_ver1.0,W_금속도장_L4_ver1.0
W,일학습병행자격,L4,금속재료설계_L4_ver1.0,W_금속재료설계_L4_ver1.0
W,일학습병행자격,L4,도금_L4_ver1.0,W_도금_L4_ver1.0
W,일학습병행자격,L4,비철금속제련_L4_ver1.0,W_비철금속제련_L4_ver1.0
W,일학습병행자격,L4,수동용접(CO2)_L4_ver1.0,W_수동용접(CO2)_L4_ver1.0
W,일학습병행자격,L4,압연(열간압연)_L4_ver1.0,W_압연(열간압연)_L4_ver1.0
W,일학습병행자격,L4,열처리_L4_ver1.0,W_열처리_L4_ver1.0
W,일학습병행자격,L4,자동용접(서브머지드아크)_L4_ver1.0,W_자동용접(서브머지드아크)_L4_ver1.0
W,일학습병행자격,L4,제강_L4_ver1.0,W_제강_L4_ver1.0
W,일학습병행자격,L4,제선_L4_ver1.0,W_제선_L4_ver1.0
W,일학습병행자격,L4,주조_L4_ver1.0,W_주조_L4_ver1.0
W,일학습병행자격,L4,탄소제품제조_L4_ver1.0,W_탄소제품제조_L4_ver1.0
W,일학습병행자격,L4,판금제관_L4_ver1.0,W_판금제관_L4_ver1.0
W,일학습병행자격,L3,판금제관_L3_ver1.0,W_판금제관_L3_ver1.0
W,일학습병행자격,L2,단조압출인발(압출인발)_L2_ver1.0,W_단조압출인발(압출인발)_L2_ver1.0
W,일학습병행자격,L2,도금_L2_ver1.0,W_도금_L2_ver1.0
W,일학습병행자격,L2,선재가공_L2_ver1.0,W_선재가공_L2_ver1.0
W,일학습병행자격,L2,열처리_L2_ver1.0,W_열처리_L2_ver1.0
W,일학습병행자격,L2,유리재료제조_L2_ver1.0,W_유리재료제조_L2_ver1.0
W,일학습병행자격,L2,자동용접(서브머지드아크)_L2_ver1.0,W_자동용접(서브머지드아크)_L2_ver1.0
W,일학습병행자격,L2,제강_L2_ver1.0,W_제강_L2_ver1.0
W,일학습병행자격,L2,제선_L2_ver1.0,W_제선_L2_ver1.0
W,일학습병행자격,L4,디스플레이개발_L4_ver2.0,W_디스플레이개발_L4_ver2.0
W,일학습병행자격,L3,디스플레이생산_L3_ver2.0,W_디스플레이생산_L3_ver2.0
W,일학습병행자격,L4,디스플레이생산_L4_ver2.0,W_디스플레이생산_L4_ver2.0
W,일학습병행자격,L5,로봇기구개발_L5_ver2.0,W_로봇기구개발_L5_ver2.0
W,일학습병행자격,L5,로봇소프트웨어개발_L5_ver2.0,W_로봇소프트웨어개발_L5_ver2.0
W,일학습병행자격,L5,로봇제어기하드웨어개발_L5_ver2.0,W_로봇제어기하드웨어개발_L5_ver2.0
W,일학습병행자격,L3,SW개발_L3_ver2.0,W_SW개발_L3_ver2.0
W,일학습병행자격,L5,임베디드SW개발_L5_ver2.0,W_임베디드SW개발_L5_ver2.0
W,일학습병행자격,L5,IT시스템운영_L5_ver2.0,W_IT시스템운영_L5_ver2.0
W,일학습병행자격,L5,SW테스트_L5_ver2.0,W_SW테스트_L5_ver2.0
W,일학습병행자격,L5,정보통신설계_L5_ver2.0,W_정보통신설계_L5_ver2.0
W,일학습병행자격,L3,정보통신설비시공_L3_ver2.0,W_정보통신설비시공_L3_ver2.0
W,일학습병행자격,L2,정보통신선로시공_L2_ver2.0,W_정보통신선로시공_L2_ver2.0
W,일학습병행자격,L4,금속도장_L4_ver2.0,W_금속도장_L4_ver2.0
W,일학습병행자격,L3,컨벤션기획_L3_20V1,W_컨벤션기획_L3_20V1
W,일학습병행자격,L5,컨벤션기획_L5_20V1,W_컨벤션기획_L5_20V1
W,일학습병행자격,L3,여행안내_L3_20V1,W_여행안내_L3_20V1
W,일학습병행자격,L4,여행상품상담_L4_20V1,W_여행상품상담_L4_20V1
W,일학습병행자격,L5,여행상품기획_L5_20V1,W_여행상품기획_L5_20V1
W,일학습병행자격,L3,항공객실서비스_L3_20V1,W_항공객실서비스_L3_20V1
W,일학습병행자격,L3,호텔객실서비스_L3_20V1,W_호텔객실서비스_L3_20V1
W,일학습병행자격,L3,호텔식음료서비스_L3_20V1,W_호텔식음료서비스_L3_20V1
W,일학습병행자격,L5,호텔관리_L5_20V1,W_호텔관리_L5_20V1
W,일학습병행자격,L4,피트니스건강관리_L4_20V1,W_피트니스건강관리_L4_20V1
W,일학습병행자격,L5,헬스케어운동지도_L5_20V1,W_헬스케어운동지도_L5_20V1
W,일학습병행자격,L3,건강운동체형관리_L3_20V1,W_건강운동체형관리_L3_20V1
W,일학습병행자격,L4,스포츠클럽관리_L4_20V1,W_스포츠클럽관리_L4_20V1
W,일학습병행자격,L2,한식조리_L2_20V1,W_한식조리_L2_20V1
W,일학습병행자격,L4,한식조리_L4_20V1,W_한식조리_L4_20V1
W,일학습병행자격,L2,양식조리_L2_20V1,W_양식조리_L2_20V1
W,일학습병행자격,L4,양식조리_L4_20V1,W_양식조리_L4_20V1
W,일학습병행자격,L2,중식조리_L2_20V1,W_중식조리_L2_20V1
W,일학습병행자격,L4,중식조리_L4_20V1,W_중식조리_L4_20V1
W,일학습병행자격,L2,일식조리_L2_20V1,W_일식조리_L2_20V1
W,일학습병행자격,L4,일식조리_L4_20V1,W_일식조리_L4_20V1
W,일학습병행자격,L3,식음료서비스_L3_20V1,W_식음료서비스_L3_20V1
W,일학습병행자격,L3,소믈리에_L3_20V1,W_소믈리에_L3_20V1
W,일학습병행자격,L3,바리스타_L3_20V1,W_바리스타_L3_20V1
W,일학습병행자격,L5,건설관리_L5_20V1,W_건설관리_L5_20V1
W,일학습병행자격,L3,토목·건축관리_L3_20V1,W_토목·건축관리_L3_20V1
W,일학습병행자격,L2,토공·포장_L2_20V1,W_토공·포장_L2_20V1
W,일학습병행자격,L3,토목설계_L3_20V1,W_토목설계_L3_20V1
W,일학습병행자격,L5,토목설계_L5_20V1,W_토목설계_L5_20V1
W,일학습병행자격,L3,상하수도시공_L3_20V1,W_상하수도시공_L3_20V1
W,일학습병행자격,L2,궤도시공_L2_20V1,W_궤도시공_L2_20V1
W,일학습병행자격,L3,철강재시공_L3_20V1,W_철강재시공_L3_20V1
W,일학습병행자격,L2,수중구조물시공및준설_L2_20V1,W_수중구조물시공및준설_L2_20V1
W,일학습병행자격,L5,토목시공관리_L5_20V1,W_토목시공관리_L5_20V1
W,일학습병행자격,L2,측량·지리정보개발_L2_20V1,W_측량·지리정보개발_L2_20V1
W,일학습병행자격,L4,수동용접(가스메탈아크용접)_L4_24V2,W_수동용접(가스메탈아크용접)_L4_24V2
W,일학습병행자격,L2,수동용접(가스텅스텐아크용접)_L2_24V2,W_수동용접(가스텅스텐아크용접)_L2_24V2
W,일학습병행자격,L4,수동용접(가스텅스텐아크용접)_L4_24V2,W_수동용접(가스텅스텐아크용접)_L4_24V2
W,일학습병행자격,L2,자동용접(로봇용접)_L2_24V2,W_자동용접(로봇용접)_L2_24V2
W,일학습병행자격,L4,자동용접(로봇용접)_L4_24V2,W_자동용접(로봇용접)_L4_24V2
W,일학습병행자격,L3,의약품제조_L3_24V2,W_의약품제조_L3_24V2
W,일학습병행자격,L5,의약품제조_L5_24V2,W_의약품제조_L5_24V2
W,일학습병행자격,L3,화장품제조_L3_24V2,W_화장품제조_L3_24V2
W,일학습병행자격,L3,가죽·모피생산_L3_24V2,W_가죽·모피생산_L3_24V2
W,일학습병행자격,L5,전기기기설계_L5_24V2,W_전기기기설계_L5_24V2
W,일학습병행자격,L4,반도체재료개발_L4_24V1,W_반도체재료개발_L4_24V1
W,일학습병행자격,L4,반도체설계(아날로그설계)_L4_24V1,W_반도체설계(아날로그설계)_L4_24V1
W,일학습병행자격,L4,반도체설계(디지털설계)_L4_24V1,W_반도체설계(디지털설계)_L4_24V1
W,일학습병행자격,L5,섬유품질경영관리_L5_ver3.0,W_섬유품질경영관리_L5_ver3.0
W,일학습병행자격,L3,가죽·모피생산_L3_ver3.0,W_가죽·모피생산_L3_ver3.0
W,일학습병행자격,L5,전기기기설계_L5_ver3.0,W_전기기기설계_L5_ver3.0
W,일학습병행자격,L2,자동제어기기제작_L2_ver3.0,W_자동제어기기제작_L2_ver3.0
W,일학습병행자격,L5,전기철도시공_L5_ver3.0,W_전기철도시공_L5_ver3.0
W,일학습병행자격,L2,전기철도신호시공_L2_ver3.0,W_전기철도신호시공_L2_ver3.0
W,일학습병행자격,L2,전자기기생산_L2_ver3.0,W_전자기기생산_L2_ver3.0
W,일학습병행자격,L2,전자기기서비스_L2_ver3.0,W_전자기기서비스_L2_ver3.0
W,일학습병행자격,L4,전자기기소프트웨어개발_L4_ver3.0,W_전자기기소프트웨어개발_L4_ver3.0
W,일학습병행자격,L3,반도체제조운영_L3_ver3.0,W_반도체제조운영_L3_ver3.0
W,일학습병행자격,L4,디스플레이개발_L4_ver3.0,W_디스플레이개발_L4_ver3.0
W,일학습병행자격,L3,디스플레이생산_L3_ver3.0,W_디스플레이생산_L3_ver3.0
W,일학습병행자격,L3,비파괴검사관리_L3_ver3.0,W_비파괴검사관리_L3_ver3.0
W,일학습병행자격,L3,한우사육_L3_ver3.0,W_한우사육_L3_ver3.0
W,일학습병행자격,L6,임베디드SW개발_L6_ver3.0,W_임베디드SW개발_L6_ver3.0
W,일학습병행자격,L4,여행상품상담_L4_24V2,W_여행상품상담_L4_24V2
W,일학습병행자격,L5,선박기본설계_L5_ver3.0,W_선박기본설계_L5_ver3.0
W,일학습병행자격,L3,연삭가공_L3_ver3.0,W_연삭가공_L3_ver3.0
W,일학습병행자격,L3,피부관리_L3_ver3.0,W_피부관리_L3_ver3.0
W,일학습병행자격,L5,피부관리_L5_ver3.0,W_피부관리_L5_ver3.0
W,일학습병행자격,L5,컨벤션기획_L5_ver3.0,W_컨벤션기획_L5_ver3.0
W,일학습병행자격,L3,철강재시공_L3_24V2,W_철강재시공_L3_24V2
W,일학습병행자격,L2,토공·포장_L2_24V2,W_토공·포장_L2_24V2
W,일학습병행자격,L3,건축설비_L3_24V2,W_건축설비_L3_24V2
W,일학습병행자격,L2,선반가공_L2_24V2,W_선반가공_L2_24V2
W,일학습병행자격,L3,축산식품가공_L3_24V2,W_축산식품가공_L3_24V2
W,일학습병행자격,L3,산업환경보건_L3_24V2,W_산업환경보건_L3_24V2
W,일학습병행자격,L5,농촌체험_L5_24V2,W_농촌체험_L5_24V2
W,일학습병행자격,L3,버섯재배_L3_24V2,W_버섯재배_L3_24V2
W,일학습병행자격,L3,수도작재배_L3_24V2,W_수도작재배_L3_24V2
W,일학습병행자격,L5,반도체장비개발(기구설계)_L5_24V1,W_반도체장비개발(기구설계)_L5_24V1
W,일학습병행자격,L5,반도체장비개발(전장설계)_L5_24V1,W_반도체장비개발(전장설계)_L5_24V1
W,일학습병행자격,L5,반도체장비개발(SW개발)_L5_24V1,W_반도체장비개발(SW개발)_L5_24V1
W,일학습병행자격,L5,SW테스트_L5_24V2,W_SW테스트_L5_24V2
W,일학습병행자격,L3,유선통신운용_L3_24V2,W_유선통신운용_L3_24V2
W,일학습병행자격,L3,레이저가공_L3_24V2,W_레이저가공_L3_24V2
W,일학습병행자격,L3,기초석유화학제품제조_L3_24V2,W_기초석유화학제품제조_L3_24V2
W,일학습병행자격,L5,화장품제조_L5_24V2,W_화장품제조_L5_24V2
W,일학습병행자격,L3,플라스틱압출제품제조_L3_24V2,W_플라스틱압출제품제조_L3_24V2
W,일학습병행자격,L5,전력계통설계_L5_24V2,W_전력계통설계_L5_24V2
W,일학습병행자격,L2,전자기기서비스_L2_24V2,W_전자기기서비스_L2_24V2
W,일학습병행자격,L5,로봇제어기하드웨어개발_L5_24V2,W_로봇제어기하드웨어개발_L5_24V2
W,일학습병행자격,L2,전자기기기구개발_L2_24V2,W_전자기기기구개발_L2_24V2
W,일학습병행자격,L2,정보통신선로시공_L2_24V2,W_정보통신선로시공_L2_24V2
W,일학습병행자격,L3,정보통신설비시공_L3_24V2,W_정보통신설비시공_L3_24V2
W,일학습병행자격,L5,방송시스템관리_L5_24V2,W_방송시스템관리_L5_24V2
W,일학습병행자격,L3,건강기능식품가공_L3_24V2,W_건강기능식품가공_L3_24V2
W,일학습병행자격,L3,보석감정_L3_24V2,W_보석감정_L3_24V2
W,일학습병행자격,L5,연료전지에너지생산기술_L5_24V2,W_연료전지에너지생산기술_L5_24V2
W,일학습병행자격,L5,해양에너지생산기술_L5_24V2,W_해양에너지생산기술_L5_24V2
W,일학습병행자격,L2,반도체장비조립_L2_23V1,W_반도체장비조립_L2_23V1
W,일학습병행자격,L2,반도체장비개발_L2_23V1,W_반도체장비개발_L2_23V1
W,일학습병행자격,L3,단조압출인발(단조)_L3_24V2,W_단조압출인발(단조)_L3_24V2
W,일학습병행자격,L4,제선_L4_24V2,W_제선_L4_24V2
W,일학습병행자격,L2,탄소제품제조_L2_24V2,W_탄소제품제조_L2_24V2
W,일학습병행자격,L4,탄소제품제조_L4_24V2,W_탄소제품제조_L4_24V2
W,일학습병행자격,L3,고분자복합재료제조_L3_24V2,W_고분자복합재료제조_L3_24V2
W,일학습병행자격,L3,고분자제품제조_L3_24V2,W_고분자제품제조_L3_24V2
W,일학습병행자격,L4,IoT시스템운영관리_L4_23V1,W_IoT시스템운영관리_L4_23V1
W,일학습병행자격,L3,여행안내_L3_24V2,W_여행안내_L3_24V2
W,일학습병행자격,L4,크루즈운영관리_L4_24V2,W_크루즈운영관리_L4_24V2
W,일학습병행자격,L4,중식조리_L4_24V2,W_중식조리_L4_24V2
W,일학습병행자격,L3,토목·건축관리_L3_24V2,W_토목·건축관리_L3_24V2
W,일학습병행자격,L2,제강_L2_24V2,W_제강_L2_24V2
W,일학습병행자격,L4,제강_L4_24V2,W_제강_L4_24V2
W,일학습병행자격,L2,제선_L2_24V2,W_제선_L2_24V2
W,일학습병행자격,L5,플라스틱압출제품제조_L5_24V2,W_플라스틱압출제품제조_L5_24V2
W,일학습병행자격,L4,스포츠클럽관리_L4_ver3.0,W_스포츠클럽관리_L4_ver3.0
W,일학습병행자격,L2,전자기기기구개발_L2_ver3.0,W_전자기기기구개발_L2_ver3.0
W,일학습병행자격,L3,반도체장비조립_L3_ver3.0,W_반도체장비조립_L3_ver3.0
W,일학습병행자격,L4,반도체설계_L4_ver3.0,W_반도체설계_L4_ver3.0
W,일학습병행자격,L5,SW개발_L5_ver3.0,W_SW개발_L5_ver3.0
W,일학습병행자격,L5,SW테스트_L5_ver3.0,W_SW테스트_L5_ver3.0
W,일학습병행자격,L2,통신기기운용_L2_ver3.0,W_통신기기운용_L2_ver3.0
W,일학습병행자격,L3,수산식품가공_L3_ver3.0,W_수산식품가공_L3_ver3.0
W,일학습병행자격,L3,유가공_L3_ver3.0,W_유가공_L3_ver3.0
W,일학습병행자격,L3,사료생산_L3_ver3.0,W_사료생산_L3_ver3.0
W,일학습병행자격,L5,어로관리_L5_ver3.0,W_어로관리_L5_ver3.0
W,일학습병행자격,L3,수산양식_L3_ver3.0,W_수산양식_L3_ver3.0
W,일학습병행자격,L5,수산양식_L5_ver3.0,W_수산양식_L5_ver3.0
W,일학습병행자격,L6,기계설비제어_L6_ver3.0,W_기계설비제어_L6_ver3.0
W,일학습병행자격,L5,임베디드SW개발_L5_ver3.0,W_임베디드SW개발_L5_ver3.0
W,일학습병행자격,L5,IT시스템운영_L5_ver3.0,W_IT시스템운영_L5_ver3.0
W,일학습병행자격,L3,무선통신시공_L3_ver3.0,W_무선통신시공_L3_ver3.0
W,일학습병행자격,L4,구내방송통신설계_L4_ver3.0,W_구내방송통신설계_L4_ver3.0
W,일학습병행자격,L2,수산식품가공_L2_ver3.0,W_수산식품가공_L2_ver3.0
W,일학습병행자격,L2,김치류제조가공_L2_ver3.0,W_김치류제조가공_L2_ver3.0
W,일학습병행자격,L3,산업보건관리_L3_ver3.0,W_산업보건관리_L3_ver3.0
W,일학습병행자격,L3,농업환경개선_L3_ver3.0,W_농업환경개선_L3_ver3.0
W,일학습병행자격,L3,산림조성_L3_ver3.0,W_산림조성_L3_ver3.0
W,일학습병행자격,L3,기업교육_L3_ver3.0,W_기업교육_L3_ver3.0
W,일학습병행자격,L2,요양보호_L2_ver3.0,W_요양보호_L2_ver3.0
W,일학습병행자격,L5,사회복지정책_L5_ver3.0,W_사회복지정책_L5_ver3.0
W,일학습병행자격,L4,청소년활동_L4_ver3.0,W_청소년활동_L4_ver3.0
W,일학습병행자격,L5,디지털디자인_L5_ver3.0,W_디지털디자인_L5_ver3.0
W,일학습병행자격,L3,서비스·경험디자인_L3_ver3.0,W_서비스·경험디자인_L3_ver3.0
W,일학습병행자격,L4,스마트앱디자인설계_L4_ver3.0,W_스마트앱디자인설계_L4_ver3.0
W,일학습병행자격,L2,네일미용_L2_ver3.0,W_네일미용_L2_ver3.0
W,일학습병행자격,L2,헤어디자인_L2_ver3.0,W_헤어디자인_L2_ver3.0
W,일학습병행자격,L3,비주얼머천다이징_L3_ver3.0,W_비주얼머천다이징_L3_ver3.0
W,일학습병행자격,L2,프레스그래픽아터_L2_ver1.0,W_프레스그래픽아터_L2_ver1.0
W,일학습병행자격,L5,마케팅전략기획_L5_25V3,W_마케팅전략기획_L5_25V3
W,일학습병행자격,L2,선박도장_L2_25V1,W_선박도장_L2_25V1
W,일학습병행자격,L5,디지털디자인_L5_25V2,W_디지털디자인_L5_25V2
W,일학습병행자격,L5,방송제작_L5_25V2,W_방송제작_L5_25V2
W,일학습병행자격,L3,호텔식음료서비스_L3_25V2,W_호텔식음료서비스_L3_25V2
W,일학습병행자격,L3,소믈리에_L3_25V2,W_소믈리에_L3_25V2
W,일학습병행자격,L2,강구조시공_L2_25V2,W_강구조시공_L2_25V2
W,일학습병행자격,L2,조경_L2_25V2,W_조경_L2_25V2
W,일학습병행자격,L5,조경_L5_25V2,W_조경_L5_25V2
W,일학습병행자격,L5,선박기본설계_L5_25V2,W_선박기본설계_L5_25V2
W,일학습병행자격,L3,선박의장설계_L3_25V2,W_선박의장설계_L3_25V2
W,일학습병행자격,L4,도금_L4_25V2,W_도금_L4_25V2
W,일학습병행자격,L2,전기철도신호시공_L2_25V2,W_전기철도신호시공_L2_25V2
W,일학습병행자격,L2,전자기기소프트웨어개발_L2_25V2,W_전자기기소프트웨어개발_L2_25V2
W,일학습병행자격,L5,SW개발_L5_25V2,W_SW개발_L5_25V2
W,일학습병행자격,L5,임베디드SW개발_L5_25V2,W_임베디드SW개발_L5_25V2
W,일학습병행자격,L5,IT시스템운영_L5_25V2,W_IT시스템운영_L5_25V2
W,일학습병행자격,L2,제과_L2_25V2,W_제과_L2_25V2
W,일학습병행자격,L5,광물·석유자원개발_L5_ver3.0,W_광물·석유자원개발_L5_ver3.0
W,일학습병행자격,L5,빅데이터분석_L5_25V2,W_빅데이터분석_L5_25V2
W,일학습병행자격,L5,인공지능개발_L5_25V2,W_인공지능개발_L5_25V2
W,일학습병행자격,L3,산업보건관리_L3_25V2,W_산업보건관리_L3_25V2
W,일학습병행자격,L6,SW아키텍트_L6_25V2,W_SW아키텍트_L6_25V2
W,일학습병행자격,L6,임베디드SW개발_L6_25V2,W_임베디드SW개발_L6_25V2
W,일학습병행자격,L5,블록체인서비스개발_L5_25V2,W_블록체인서비스개발_L5_25V2
W,일학습병행자격,L2,3D프린터운용_L2_25V2,W_3D프린터운용_L2_25V2
W,일학습병행자격,L5,가상훈련콘텐츠SW개발_L5_25V2,W_가상훈련콘텐츠SW개발_L5_25V2
W,일학습병행자격,L2,반도체장비조립_L2_25V2,W_반도체장비조립_L2_25V2
W,일학습병행자격,L3,건축설계_L3_25V2,W_건축설계_L3_25V2
W,일학습병행자격,L5,화학물질분석_L5_25V2,W_화학물질분석_L5_25V2
W,일학습병행자격,L3,헤어디자인_L3_ver3.0,W_헤어디자인_L3_ver3.0
W,일학습병행자격,L3,사출금형설계_L3_ver3.0,W_사출금형설계_L3_ver3.0
W,일학습병행자격,L5,공연무대디자인_L5_ver3.0,W_공연무대디자인_L5_ver3.0
W,일학습병행자격,L3,마케팅·커뮤니케이션_L3_25V3,W_마케팅·커뮤니케이션_L3_25V3
W,일학습병행자격,L5,재무기획관리_L5_25V3,W_재무기획관리_L5_25V3
W,일학습병행자격,L3,생산관리_L3_25V3,W_생산관리_L3_25V3
W,일학습병행자격,L3,품질경영_L3_25V3,W_품질경영_L3_25V3
W,일학습병행자격,L5,사회복지서비스_L5_25V3,W_사회복지서비스_L5_25V3
W,일학습병행자격,L3,말이용_L3_25V1,W_말이용_L3_25V1
W,일학습병행자격,L3,항공기기체정비_L3_25V2,W_항공기기체정비_L3_25V2
W,일학습병행자격,L5,항공기정비_L5_25V2,W_항공기정비_L5_25V2
W,일학습병행자격,L2,열간압연_L2_25V2,W_열간압연_L2_25V2
W,일학습병행자격,L2,열처리_L2_25V2,W_열처리_L2_25V2
W,일학습병행자격,L3,합섬원사생산_L3_25V2,W_합섬원사생산_L3_25V2
W,일학습병행자격,L5,섬유염색가공_L5_25V2,W_섬유염색가공_L5_25V2
W,일학습병행자격,L3,전기설계_L3_25V2,W_전기설계_L3_25V2
W,일학습병행자격,L5,선박의장설계_L5_25V2,W_선박의장설계_L5_25V2
W,일학습병행자격,L3,화학물질분석_L3_25V2,W_화학물질분석_L3_25V2
W,일학습병행자격,L4,목재가공_L4_ver3.0,W_목재가공_L4_ver3.0
W,일학습병행자격,L5,비파괴검사관리_L5_ver3.0,W_비파괴검사관리_L5_ver3.0
W,일학습병행자격,L5,선박기관_L5_ver3.0,W_선박기관_L5_ver3.0
W,일학습병행자격,L5,선박항해_L5_ver3.0,W_선박항해_L5_ver3.0
W,일학습병행자격,L5,식물육종_L5_ver3.0,W_식물육종_L5_ver3.0
W,일학습병행자격,L5,영양체생산_L5_ver3.0,W_영양체생산_L5_ver3.0
W,일학습병행자격,L4,자동용접(로봇용접)_L4_ver3.0,W_자동용접(로봇용접)_L4_ver3.0
W,일학습병행자격,L5,제직생산_L5_ver3.0,W_제직생산_L5_ver3.0
W,일학습병행자격,L2,측량·지리정보개발_L2_ver3.0,W_측량·지리정보개발_L2_ver3.0
W,일학습병행자격,L5,토목설계_L5_ver3.0,W_토목설계_L5_ver3.0
W,일학습병행자격,L4,패션디자인_L4_ver3.0,W_패션디자인_L4_ver3.0
W,일학습병행자격,L4,패션머천다이징_L4_ver3.0,W_패션머천다이징_L4_ver3.0
W,일학습병행자격,L3,프레스금형설계_L3_ver3.0,W_프레스금형설계_L3_ver3.0
W,일학습병행자격,L5,해양환경보전관리_L5_ver3.0,W_해양환경보전관리_L5_ver3.0
W,일학습병행자격,L5,해양환경평가관리_L5_ver3.0,W_해양환경평가관리_L5_ver3.0
W,일학습병행자격,L4,형조방전가공_L4_ver3.0,W_형조방전가공_L4_ver3.0
W,일학습병행자격,L3,호텔객실서비스_L3_ver3.0,W_호텔객실서비스_L3_ver3.0
W,일학습병행자격,L5,게임그래픽_L5_ver3.0,W_게임그래픽_L5_ver3.0
W,일학습병행자격,L5,게임프로그래밍_L5_ver3.0,W_게임프로그래밍_L5_ver3.0
W,일학습병행자격,L5,도시계획_L5_ver3.0,W_도시계획_L5_ver3.0
W,일학습병행자격,L4,디스플레이생산_L4_ver3.0,W_디스플레이생산_L4_ver3.0
W,일학습병행자격,L2,떡제조_L2_ver3.0,W_떡제조_L2_ver3.0
W,일학습병행자격,L5,섬유염색가공_L5_ver3.0,W_섬유염색가공_L5_ver3.0
W,일학습병행자격,L2,신발제조_L2_ver3.0,W_신발제조_L2_ver3.0
W,일학습병행자격,L5,자원순환관리_L5_ver3.0,W_자원순환관리_L5_ver3.0
W,일학습병행자격,L3,제직생산_L3_ver3.0,W_제직생산_L3_ver3.0
W,일학습병행자격,L4,취업알선_L4_ver3.0,W_취업알선_L4_ver3.0
W,일학습병행자격,L5,텍스타일디자인_L5_ver3.0,W_텍스타일디자인_L5_ver3.0
W,일학습병행자격,L3,토목설계_L3_ver3.0,W_토목설계_L3_ver3.0
W,일학습병행자격,L4,판금제관_L4_ver3.0,W_판금제관_L4_ver3.0
W,일학습병행자격,L4,피트니스건강관리_L4_ver3.0,W_피트니스건강관리_L4_ver3.0
W,일학습병행자격,L4,방송시스템운용_L4_ver3.0,W_방송시스템운용_L4_ver3.0
W,일학습병행자격,L3,가금사육_L3_ver3.0,W_가금사육_L3_ver3.0
W,일학습병행자격,L3,감정평가정보_L3_ver3.0,W_감정평가정보_L3_ver3.0
W,일학습병행자격,L5,감정평가정보_L5_ver3.0,W_감정평가정보_L5_ver3.0
W,일학습병행자격,L4,강관제조_L4_ver3.0,W_강관제조_L4_ver3.0
W,일학습병행자격,L5,기계품질경영_L5_ver3.0,W_기계품질경영_L5_ver3.0
W,일학습병행자격,L3,선박의장설계_L3_ver3.0,W_선박의장설계_L3_ver3.0
W,일학습병행자격,L2,선박선체건조_L2_ver3.0,W_선박선체건조_L2_ver3.0
W,일학습병행자격,L3,항공기부품제작_L3_ver3.0,W_항공기부품제작_L3_ver3.0
W,일학습병행자격,L3,금속재료평가_L3_ver3.0,W_금속재료평가_L3_ver3.0
W,일학습병행자격,L4,금속재료평가_L4_ver3.0,W_금속재료평가_L4_ver3.0
W,일학습병행자격,L2,제강_L2_ver3.0,W_제강_L2_ver3.0
W,일학습병행자격,L3,건설안전관리_L3_ver3.0,W_건설안전관리_L3_ver3.0
W,일학습병행자격,L5,건설안전관리_L5_ver3.0,W_건설안전관리_L5_ver3.0
W,일학습병행자격,L2,건축설비시공_L2_ver3.0,W_건축설비시공_L2_ver3.0
W,일학습병행자격,L3,검수_L3_ver3.0,W_검수_L3_ver3.0
W,일학습병행자격,L5,검정_L5_ver3.0,W_검정_L5_ver3.0
W,일학습병행자격,L3,경량항공기레저관광조종_L3_ver3.0,W_경량항공기레저관광조종_L3_ver3.0
W,일학습병행자격,L5,경력지도_L5_ver3.0,W_경력지도_L5_ver3.0
W,일학습병행자격,L3,고분자제품제조_L3_ver3.0,W_고분자제품제조_L3_ver3.0
W,일학습병행자격,L5,고분자제품제조_L5_ver3.0,W_고분자제품제조_L5_ver3.0
W,일학습병행자격,L5,공연기계장치_L5_ver3.0,W_공연기계장치_L5_ver3.0
W,일학습병행자격,L5,공연기술감독_L5_ver3.0,W_공연기술감독_L5_ver3.0
W,일학습병행자격,L5,공연무대감독_L5_ver3.0,W_공연무대감독_L5_ver3.0
W,일학습병행자격,L3,공연무대의상_L3_ver3.0,W_공연무대의상_L3_ver3.0
W,일학습병행자격,L5,공연무대의상_L5_ver3.0,W_공연무대의상_L5_ver3.0
W,일학습병행자격,L5,공연무대제작_L5_ver3.0,W_공연무대제작_L5_ver3.0
W,일학습병행자격,L5,공연연출_L5_ver3.0,W_공연연출_L5_ver3.0
W,일학습병행자격,L5,공연조명_L5_ver3.0,W_공연조명_L5_ver3.0
W,일학습병행자격,L5,공연하우스매니징_L5_ver3.0,W_공연하우스매니징_L5_ver3.0
W,일학습병행자격,L3,과수재배_L3_ver3.0,W_과수재배_L3_ver3.0
W,일학습병행자격,L5,광고제작_L5_ver3.0,W_광고제작_L5_ver3.0
W,일학습병행자격,L3,광산보안·화약류관리_L3_ver3.0,W_광산보안·화약류관리_L3_ver3.0
W,일학습병행자격,L3,광산조사·탐사_L3_ver3.0,W_광산조사·탐사_L3_ver3.0
W,일학습병행자격,L5,광산조사·탐사_L5_ver3.0,W_광산조사·탐사_L5_ver3.0
W,일학습병행자격,L5,교통계획설계_L5_ver3.0,W_교통계획설계_L5_ver3.0
W,일학습병행자격,L2,구조물해체_L2_ver3.0,W_구조물해체_L2_ver3.0
W,일학습병행자격,L2,귀금속가공_L2_ver3.0,W_귀금속가공_L2_ver3.0
W,일학습병행자격,L3,금속공예_L3_ver3.0,W_금속공예_L3_ver3.0
W,일학습병행자격,L2,금속도장_L2_ver3.0,W_금속도장_L2_ver3.0
W,일학습병행자격,L4,금속도장_L4_ver3.0,W_금속도장_L4_ver3.0
W,일학습병행자격,L5,금속재료설계_L5_ver3.0,W_금속재료설계_L5_ver3.0
W,일학습병행자격,L6,IT프로젝트관리_L6_ver1.0,W_IT프로젝트관리_L6_ver1.0
W,일학습병행자격,L6,디지털디자인디렉터_L6_ver1.0,W_디지털디자인디렉터_L6_ver1.0
W,일학습병행자격,L2,소방시설관리(점검)_L2_25V1,W_소방시설관리(점검)_L2_25V1
W,일학습병행자격,L2,세무·회계정보관리_L2_25V3,W_세무·회계정보관리_L2_25V3
W,일학습병행자격,L3,사회복지서비스_L3_25V3,W_사회복지서비스_L3_25V3
W,일학습병행자격,L5,토목시공관리_L5_25V3,W_토목시공관리_L5_25V3
W,일학습병행자격,L5,건축설계_L5_25V3,W_건축설계_L5_25V3
W,일학습병행자격,L3,지게차정비_L3_25V3,W_지게차정비_L3_25V3
W,일학습병행자격,L2,선박의장_L2_ver3.0,W_선박의장_L2_ver3.0
W,일학습병행자격,L3,기계경비_L3_ver3.0,W_기계경비_L3_ver3.0
W,일학습병행자격,L3,기능성정밀화학제품제조_L3_ver3.0,W_기능성정밀화학제품제조_L3_ver3.0
W,일학습병행자격,L5,기능성정밀화학제품제조_L5_ver3.0,W_기능성정밀화학제품제조_L5_ver3.0
W,일학습병행자격,L5,기업교육_L5_ver3.0,W_기업교육_L5_ver3.0
W,일학습병행자격,L5,기업재난관리_L5_ver3.0,W_기업재난관리_L5_ver3.0
W,일학습병행자격,L3,기와문화재보수_L3_ver3.0,W_기와문화재보수_L3_ver3.0
W,일학습병행자격,L5,기초석유화학제품제조_L5_ver3.0,W_기초석유화학제품제조_L5_ver3.0
W,일학습병행자격,L3,나전칠기_L3_ver3.0,W_나전칠기_L3_ver3.0
W,일학습병행자격,L2,냉동공조설치_L2_ver3.0,W_냉동공조설치_L2_ver3.0
W,일학습병행자격,L5,냉동공조운영관리_L5_ver3.0,W_냉동공조운영관리_L5_ver3.0
W,일학습병행자격,L5,농업환경개선_L5_ver3.0,W_농업환경개선_L5_ver3.0
W,일학습병행자격,L2,농촌체험_L2_ver3.0,W_농촌체험_L2_ver3.0
W,일학습병행자격,L5,농촌체험_L5_ver3.0,W_농촌체험_L5_ver3.0
W,일학습병행자격,L4,단위화훼장식_L4_ver3.0,W_단위화훼장식_L4_ver3.0
W,일학습병행자격,L3,단청문화재보수_L3_ver3.0,W_단청문화재보수_L3_ver3.0
W,일학습병행자격,L2,도로장비조종_L2_ver3.0,W_도로장비조종_L2_ver3.0
W,일학습병행자격,L3,도료제조_L3_ver3.0,W_도료제조_L3_ver3.0
W,일학습병행자격,L5,도료제조_L5_ver3.0,W_도료제조_L5_ver3.0
W,일학습병행자격,L3,도자공예_L3_ver3.0,W_도자공예_L3_ver3.0
W,일학습병행자격,L4,동력기계설치·정비_L4_ver3.0,W_동력기계설치·정비_L4_ver3.0
W,일학습병행자격,L3,돼지사육_L3_ver3.0,W_돼지사육_L3_ver3.0
W,일학습병행자격,L5,로봇기구개발_L5_ver3.0,W_로봇기구개발_L5_ver3.0
W,일학습병행자격,L5,로봇소프트웨어개발_L5_ver3.0,W_로봇소프트웨어개발_L5_ver3.0
W,일학습병행자격,L5,로봇제어기하드웨어개발_L5_ver3.0,W_로봇제어기하드웨어개발_L5_ver3.0
W,일학습병행자격,L3,만화제작_L3_ver3.0,W_만화제작_L3_ver3.0
W,일학습병행자격,L3,말사육_L3_ver3.0,W_말사육_L3_ver3.0
W,일학습병행자격,L2,메이크업디자인_L2_ver3.0,W_메이크업디자인_L2_ver3.0
W,일학습병행자격,L3,메이크업디자인_L3_ver3.0,W_메이크업디자인_L3_ver3.0
W,일학습병행자격,L2,면류제조_L2_ver3.0,W_면류제조_L2_ver3.0
W,일학습병행자격,L3,목공예_L3_ver3.0,W_목공예_L3_ver3.0
W,일학습병행자격,L2,목재가공_L2_ver3.0,W_목재가공_L2_ver3.0
W,일학습병행자격,L3,목조문화재보수_L3_ver3.0,W_목조문화재보수_L3_ver3.0
W,일학습병행자격,L3,무대영상_L3_ver3.0,W_무대영상_L3_ver3.0
W,일학습병행자격,L5,무대영상_L5_ver3.0,W_무대영상_L5_ver3.0
W,일학습병행자격,L5,문헌정보관리_L5_ver3.0,W_문헌정보관리_L5_ver3.0
W,일학습병행자격,L5,문화예술경영_L5_ver3.0,W_문화예술경영_L5_ver3.0
W,일학습병행자격,L5,환경디자인_L5_25V3,W_환경디자인_L5_25V3
W,일학습병행자격,L3,보안경비_L3_25V3,W_보안경비_L3_25V3
W,일학습병행자격,L2,자동차정비_L2_25V3,W_자동차정비_L2_25V3
W,일학습병행자격,L4,세라믹제조_L4_25V3,W_세라믹제조_L4_25V3
W,일학습병행자격,L3,섬유염색가공_L3_25V3,W_섬유염색가공_L3_25V3
W,일학습병행자격,L4,패션제품유통_L4_25V3,W_패션제품유통_L4_25V3
W,일학습병행자격,L5,전기설계_L5_25V3,W_전기설계_L5_25V3
W,일학습병행자격,L2,전기시공_L2_25V3,W_전기시공_L2_25V3
W,일학습병행자격,L2,자동제어기기제작_L2_25V3,W_자동제어기기제작_L2_25V3
W,일학습병행자격,L4,전자기기서비스_L4_25V3,W_전자기기서비스_L4_25V3
W,일학습병행자격,L3,전자기기하드웨어개발_L3_25V3,W_전자기기하드웨어개발_L3_25V3
W,일학습병행자격,L3,반도체장비조립_L3_25V3,W_반도체장비조립_L3_25V3
W,일학습병행자격,L3,반도체제조운영_L3_25V3,W_반도체제조운영_L3_25V3
W,일학습병행자격,L4,디스플레이개발_L4_25V3,W_디스플레이개발_L4_25V3
W,일학습병행자격,L3,SW개발_L3_25V3,W_SW개발_L3_25V3
W,일학습병행자격,L5,총무·인사_L5_25V2,W_총무·인사_L5_25V2
W,일학습병행자격,L5,사회복지정책_L5_25V2,W_사회복지정책_L5_25V2
W,일학습병행자격,L3,사회복지서비스_L3_ver3.0,W_사회복지서비스_L3_ver3.0
W,일학습병행자격,L3,시각디자인_L3_ver3.0,W_시각디자인_L3_ver3.0
W,일학습병행자격,L3,컨벤션기획_L3_ver3.0,W_컨벤션기획_L3_ver3.0
W,일학습병행자격,L3,플라스틱압출제품제조_L3_ver3.0,W_플라스틱압출제품제조_L3_ver3.0
W,일학습병행자격,L2,자동차보수도장_L2_ver3.0,W_자동차보수도장_L2_ver3.0
W,일학습병행자격,L4,선박선체건조_L4_ver3.0,W_선박선체건조_L4_ver3.0
W,일학습병행자격,L5,사출금형설계_L5_ver3.0,W_사출금형설계_L5_ver3.0
W,일학습병행자격,L2,제선_L2_ver3.0,W_제선_L2_ver3.0
W,일학습병행자격,L2,냉간압연_L2_ver3.0,W_냉간압연_L2_ver3.0
W,일학습병행자격,L4,구조해석설계_L4_ver1.0,W_구조해석설계_L4_ver1.0
W,일학습병행자격,L6,기계시스템설계_L6_ver1.0,W_기계시스템설계_L6_ver1.0
W,일학습병행자격,L2,미장·방수·타일시공_L2_ver3.0,W_미장·방수·타일시공_L2_ver3.0
W,일학습병행자격,L3,바이오의약품제조_L3_ver3.0,W_바이오의약품제조_L3_ver3.0
W,일학습병행자격,L5,바이오의약품제조_L5_ver3.0,W_바이오의약품제조_L5_ver3.0
W,일학습병행자격,L5,바이오화학제품제조_L5_ver3.0,W_바이오화학제품제조_L5_ver3.0
W,일학습병행자격,L3,방문판매_L3_ver3.0,W_방문판매_L3_ver3.0
W,일학습병행자격,L5,방문판매_L5_ver3.0,W_방문판매_L5_ver3.0
W,일학습병행자격,L5,방송제작_L5_ver3.0,W_방송제작_L5_ver3.0
W,일학습병행자격,L5,방송시스템관리_L5_ver3.0,W_방송시스템관리_L5_ver3.0
W,일학습병행자격,L4,방송제작운용_L4_ver3.0,W_방송제작운용_L4_ver3.0
W,일학습병행자격,L5,방재_L5_ver3.0,W_방재_L5_ver3.0
W,일학습병행자격,L3,방적원사생산_L3_ver3.0,W_방적원사생산_L3_ver3.0
W,일학습병행자격,L5,방적원사생산_L5_ver3.0,W_방적원사생산_L5_ver3.0
W,일학습병행자격,L3,버섯재배_L3_ver3.0,W_버섯재배_L3_ver3.0
W,일학습병행자격,L3,보석감정_L3_ver3.0,W_보석감정_L3_ver3.0
W,일학습병행자격,L3,보석디자인_L3_ver3.0,W_보석디자인_L3_ver3.0
W,일학습병행자격,L5,보존기술_L5_ver3.0,W_보존기술_L5_ver3.0
W,일학습병행자격,L3,보험영업·계약관리_L3_ver3.0,W_보험영업·계약관리_L3_ver3.0
W,일학습병행자격,L5,보험영업·계약관리_L5_ver3.0,W_보험영업·계약관리_L5_ver3.0
W,일학습병행자격,L2,복어조리_L2_ver3.0,W_복어조리_L2_ver3.0
W,일학습병행자격,L4,복어조리_L4_ver3.0,W_복어조리_L4_ver3.0
W,일학습병행자격,L4,부동산경·공매_L4_ver3.0,W_부동산경·공매_L4_ver3.0
W,일학습병행자격,L5,부동산자산관리_L5_ver3.0,W_부동산자산관리_L5_ver3.0
W,일학습병행자격,L3,부동산중개_L3_ver3.0,W_부동산중개_L3_ver3.0
W,일학습병행자격,L5,부동산중개_L5_ver3.0,W_부동산중개_L5_ver3.0
W,일학습병행자격,L4,비철금속건식제련_L4_ver3.0,W_비철금속건식제련_L4_ver3.0
W,일학습병행자격,L2,비철금속습식제련_L2_ver3.0,W_비철금속습식제련_L2_ver3.0
W,일학습병행자격,L4,비철금속습식제련_L4_ver3.0,W_비철금속습식제련_L4_ver3.0
W,일학습병행자격,L5,사료생산_L5_ver3.0,W_사료생산_L5_ver3.0
W,일학습병행자격,L5,사진촬영_L5_ver3.0,W_사진촬영_L5_ver3.0
W,일학습병행자격,L5,산림보호_L5_ver3.0,W_산림보호_L5_ver3.0
W,일학습병행자격,L5,산림조성_L5_ver3.0,W_산림조성_L5_ver3.0
W,일학습병행자격,L5,산림토목_L5_ver3.0,W_산림토목_L5_ver3.0
W,일학습병행자격,L3,산업안전관리_L3_ver3.0,W_산업안전관리_L3_ver3.0
W,일학습병행자격,L5,산업안전관리_L5_ver3.0,W_산업안전관리_L5_ver3.0
W,일학습병행자격,L3,산업환경기계설비_L3_ver3.0,W_산업환경기계설비_L3_ver3.0
W,일학습병행자격,L6,SW아키텍트_L6_ver1.0,W_SW아키텍트_L6_ver1.0
W,일학습병행자격,L3,건강운동관리(건강노화운동관리)_L3_ver1.0,W_건강운동관리(건강노화운동관리)_L3_ver1.0
W,일학습병행자격,L6,기계설비제어_L6_ver1.0,W_기계설비제어_L6_ver1.0
W,일학습병행자격,L5,산업환경기계설비_L5_ver3.0,W_산업환경기계설비_L5_ver3.0
W,일학습병행자격,L3,산업환경보건_L3_ver3.0,W_산업환경보건_L3_ver3.0
W,일학습병행자격,L5,산업환경전기·계측제어설비_L5_ver3.0,W_산업환경전기·계측제어설비_L5_ver3.0
W,일학습병행자격,L5,상업용건물관리_L5_ver3.0,W_상업용건물관리_L5_ver3.0
W,일학습병행자격,L3,상하수도시공_L3_ver3.0,W_상하수도시공_L3_ver3.0
W,일학습병행자격,L4,생산기계설치·정비_L4_ver3.0,W_생산기계설치·정비_L4_ver3.0
W,일학습병행자격,L3,석조문화재보수_L3_ver3.0,W_석조문화재보수_L3_ver3.0
W,일학습병행자격,L3,선박기관_L3_ver3.0,W_선박기관_L3_ver3.0
W,일학습병행자격,L3,선박시운전정비_L3_ver3.0,W_선박시운전정비_L3_ver3.0
W,일학습병행자격,L5,선박의장설계_L5_ver3.0,W_선박의장설계_L5_ver3.0
W,일학습병행자격,L3,선박항해_L3_ver3.0,W_선박항해_L3_ver3.0
W,일학습병행자격,L4,선재가공_L4_ver3.0,W_선재가공_L4_ver3.0
W,일학습병행자격,L3,선체설계_L3_ver3.0,W_선체설계_L3_ver3.0
W,일학습병행자격,L5,선체설계_L5_ver3.0,W_선체설계_L5_ver3.0
W,일학습병행자격,L3,섬유공예_L3_ver3.0,W_섬유공예_L3_ver3.0
W,일학습병행자격,L4,세라믹제조_L4_ver3.0,W_세라믹제조_L4_ver3.0
W,일학습병행자격,L2,세탁_L2_ver3.0,W_세탁_L2_ver3.0
W,일학습병행자격,L3,소믈리에_L3_ver3.0,W_소믈리에_L3_ver3.0
W,일학습병행자격,L5,소방공사관리_L5_ver3.0,W_소방공사관리_L5_ver3.0
W,일학습병행자격,L5,소음진동관리_L5_ver3.0,W_소음진동관리_L5_ver3.0
W,일학습병행자격,L3,손해사정_L3_ver3.0,W_손해사정_L3_ver3.0
W,일학습병행자격,L5,송배전설비시공_L5_ver3.0,W_송배전설비시공_L5_ver3.0
W,일학습병행자격,L3,수도작재배_L3_ver3.0,W_수도작재배_L3_ver3.0
W,일학습병행자격,L2,수동용접(가스메탈아크용접)_L2_ver3.0,W_수동용접(가스메탈아크용접)_L2_ver3.0
W,일학습병행자격,L3,수상레저기구운항_L3_ver3.0,W_수상레저기구운항_L3_ver3.0
W,일학습병행자격,L2,수상작업용건설기계조종_L2_ver3.0,W_수상작업용건설기계조종_L2_ver3.0
W,일학습병행자격,L2,수선_L2_ver3.0,W_수선_L2_ver3.0
W,일학습병행자격,L2,수중구조물시공및준설_L2_ver3.0,W_수중구조물시공및준설_L2_ver3.0
W,일학습병행자격,L3,스포츠관광플래닝_L3_ver3.0,W_스포츠관광플래닝_L3_ver3.0
W,일학습병행자격,L3,스포츠선수관리_L3_ver3.0,W_스포츠선수관리_L3_ver3.0
W,일학습병행자격,L3,승강기설치_L3_ver3.0,W_승강기설치_L3_ver3.0
W,일학습병행자격,L3,승강기유지관리_L3_ver3.0,W_승강기유지관리_L3_ver3.0
W,일학습병행자격,L5,시각디자인_L5_ver3.0,W_시각디자인_L5_ver3.0
W,일학습병행자격,L3,식물육종_L3_ver3.0,W_식물육종_L3_ver3.0
W,일학습병행자격,L5,식품가공연구개발_L5_ver3.0,W_식품가공연구개발_L5_ver3.0
W,일학습병행자격,L4,식품품질관리_L4_ver3.0,W_식품품질관리_L4_ver3.0
W,일학습병행자격,L3,신변보호_L3_ver3.0,W_신변보호_L3_ver3.0
W,일학습병행자격,L3,건강운동관리(유소년)_L3_ver1.0,W_건강운동관리(유소년)_L3_ver1.0
W,일학습병행자격,L4,단조압출인발(단조)_L4_ver1.0,W_단조압출인발(단조)_L4_ver1.0
W,일학습병행자격,L2,비철금속제련(습식)_L2_ver1.0,W_비철금속제련(습식)_L2_ver1.0
W,일학습병행자격,L6,임베디드SW개발_L6_ver1.0,W_임베디드SW개발_L6_ver1.0
W,일학습병행자격,L4,취업알선_L4_ver1.0,W_취업알선_L4_ver1.0
W,일학습병행자격,L5,플라스틱제품제조(압출)_L5_ver1.0,W_플라스틱제품제조(압출)_L5_ver1.0
W,일학습병행자격,L3,호텔객실_L3_ver1.0,W_호텔객실_L3_ver1.0
W,일학습병행자격,L3,호텔식음료_L3_ver1.0,W_호텔식음료_L3_ver1.0
W,일학습병행자격,L4,열처리_L4_25V2,W_열처리_L4_25V2
W,일학습병행자격,L2,도금_L2_25V2,W_도금_L2_25V2
W,일학습병행자격,L3,선박도장_L3_25V1,W_선박도장_L3_25V1
W,일학습병행자격,L3,전기기기제작_L3_25V2,W_전기기기제작_L3_25V2
W,일학습병행자격,L5,전기철도시공_L5_25V2,W_전기철도시공_L5_25V2
W,일학습병행자격,L3,전기철도신호시공_L3_25V2,W_전기철도신호시공_L3_25V2
W,일학습병행자격,L4,전자기기소프트웨어개발_L4_25V2,W_전자기기소프트웨어개발_L4_25V2
W,일학습병행자격,L3,반도체설계_L3_25V2,W_반도체설계_L3_25V2
W,일학습병행자격,L5,신용분석_L5_ver3.0,W_신용분석_L5_ver3.0
W,일학습병행자격,L3,신용카드운영_L3_ver3.0,W_신용카드운영_L3_ver3.0
W,일학습병행자격,L5,신체손해사정_L5_ver3.0,W_신체손해사정_L5_ver3.0
W,일학습병행자격,L3,실내공기질관리_L3_ver3.0,W_실내공기질관리_L3_ver3.0
W,일학습병행자격,L4,실용음악보컬디렉팅_L4_ver3.0,W_실용음악보컬디렉팅_L4_ver3.0
W,일학습병행자격,L4,실용음악크리에이팅_L4_ver3.0,W_실용음악크리에이팅_L4_ver3.0
W,일학습병행자격,L3,씨앗생산_L3_ver3.0,W_씨앗생산_L3_ver3.0
W,일학습병행자격,L5,씨앗생산_L5_ver3.0,W_씨앗생산_L5_ver3.0
W,일학습병행자격,L3,애니메이션제작_L3_ver3.0,W_애니메이션제작_L3_ver3.0
W,일학습병행자격,L2,양식조리_L2_ver3.0,W_양식조리_L2_ver3.0
W,일학습병행자격,L4,양식조리_L4_ver3.0,W_양식조리_L4_ver3.0
W,일학습병행자격,L3,어장환경정화관리_L3_ver3.0,W_어장환경정화관리_L3_ver3.0
W,일학습병행자격,L2,어촌체험관리_L2_ver3.0,W_어촌체험관리_L2_ver3.0
W,일학습병행자격,L4,어촌체험관리_L4_ver3.0,W_어촌체험관리_L4_ver3.0
W,일학습병행자격,L3,여가레크리에이션지도_L3_ver3.0,W_여가레크리에이션지도_L3_ver3.0
W,일학습병행자격,L5,여행상품기획_L5_ver3.0,W_여행상품기획_L5_ver3.0
W,일학습병행자격,L4,여행상품상담_L4_ver3.0,W_여행상품상담_L4_ver3.0
W,일학습병행자격,L3,여행안내_L3_ver3.0,W_여행안내_L3_ver3.0
W,일학습병행자격,L4,역시설물유지보수_L4_ver3.0,W_역시설물유지보수_L4_ver3.0
W,일학습병행자격,L2,열간압연_L2_ver3.0,W_열간압연_L2_ver3.0
W,일학습병행자격,L5,열차운용DIA관리_L5_ver3.0,W_열차운용DIA관리_L5_ver3.0
W,일학습병행자격,L3,염생산관리_L3_ver3.0,W_염생산관리_L3_ver3.0
W,일학습병행자격,L3,영업_L3_ver3.0,W_영업_L3_ver3.0
W,일학습병행자격,L5,영업_L5_ver3.0,W_영업_L5_ver3.0
W,일학습병행자격,L4,영유아보육_L4_ver3.0,W_영유아보육_L4_ver3.0
W,일학습병행자격,L5,영화제작_L5_ver3.0,W_영화제작_L5_ver3.0
W,일학습병행자격,L3,온돌문화재보수_L3_ver3.0,W_온돌문화재보수_L3_ver3.0
W,일학습병행자격,L3,웨딩이벤트매니저_L3_ver3.0,W_웨딩이벤트매니저_L3_ver3.0
W,일학습병행자격,L3,웨딩플래너_L3_ver3.0,W_웨딩플래너_L3_ver3.0
W,일학습병행자격,L3,위험물안전관리_L3_ver3.0,W_위험물안전관리_L3_ver3.0
W,일학습병행자격,L5,위험물안전관리_L5_ver3.0,W_위험물안전관리_L5_ver3.0
W,일학습병행자격,L2,유리재료제조_L2_ver3.0,W_유리재료제조_L2_ver3.0
W,일학습병행자격,L4,유리재료제조_L4_ver3.0,W_유리재료제조_L4_ver3.0
W,일학습병행자격,L3,유선통신운용_L3_ver3.0,W_유선통신운용_L3_ver3.0
W,일학습병행자격,L3,유원시설운영관리_L3_ver3.0,W_유원시설운영관리_L3_ver3.0
W,일학습병행자격,L5,은행금융자산관리_L5_ver3.0,W_은행금융자산관리_L5_ver3.0
W,일학습병행자격,L3,음악제작_L3_ver3.0,W_음악제작_L3_ver3.0
W,일학습병행자격,L4,열처리_L4_ver3.0,W_열처리_L4_ver3.0
W,일학습병행자격,L4,탄소제품제조_L4_ver3.0,W_탄소제품제조_L4_ver3.0
W,일학습병행자격,L3,바이오화학제품제조_L3_ver3.0,W_바이오화학제품제조_L3_ver3.0
W,일학습병행자격,L2,곡류가공_L2_ver3.0,W_곡류가공_L2_ver3.0
W,일학습병행자격,L3,수산식품저장·유통_L3_ver3.0,W_수산식품저장·유통_L3_ver3.0
W,일학습병행자격,L2,제과_L2_ver3.0,W_제과_L2_ver3.0
W,일학습병행자격,L3,귀금속가공_L3_ver3.0,W_귀금속가공_L3_ver3.0
W,일학습병행자격,L5,수질관리_L5_ver3.0,W_수질관리_L5_ver3.0
W,일학습병행자격,L5,생태복원관리_L5_ver3.0,W_생태복원관리_L5_ver3.0
W,일학습병행자격,L5,환경컨설턴트_L5_ver3.0,W_환경컨설턴트_L5_ver3.0
W,일학습병행자격,L3,광산환경관리_L3_ver3.0,W_광산환경관리_L3_ver3.0
W,일학습병행자격,L5,광산환경관리_L5_ver3.0,W_광산환경관리_L5_ver3.0
W,일학습병행자격,L5,바이오에너지생산기술_L5_ver3.0,W_바이오에너지생산기술_L5_ver3.0
W,일학습병행자격,L3,단조압출인발(단조)_L3_ver3.0,W_단조압출인발(단조)_L3_ver3.0
W,일학습병행자격,L2,도금_L2_ver3.0,W_도금_L2_ver3.0
W,일학습병행자격,L2,수동용접(가스텅스텐아크용접)_L2_ver3.0,W_수동용접(가스텅스텐아크용접)_L2_ver3.0
W,일학습병행자격,L5,의료기관의료기기안전관리_L5_ver3.0,W_의료기관의료기기안전관리_L5_ver3.0
W,일학습병행자격,L4,의료기관행정관리_L4_ver3.0,W_의료기관행정관리_L4_ver3.0
W,일학습병행자격,L3,의약품제조_L3_ver3.0,W_의약품제조_L3_ver3.0
W,일학습병행자격,L5,의약품제조_L5_ver3.0,W_의약품제조_L5_ver3.0
W,일학습병행자격,L3,이동식크레인정비_L3_ver3.0,W_이동식크레인정비_L3_ver3.0
W,일학습병행자격,L4,이러닝과정운영_L4_ver3.0,W_이러닝과정운영_L4_ver3.0
W,일학습병행자격,L3,이러닝관리_L3_ver3.0,W_이러닝관리_L3_ver3.0
W,일학습병행자격,L4,이러닝콘텐츠개발_L4_ver3.0,W_이러닝콘텐츠개발_L4_ver3.0
W,일학습병행자격,L5,이러닝콘텐츠개발_L5_ver3.0,W_이러닝콘텐츠개발_L5_ver3.0
W,일학습병행자격,L2,이용_L2_ver3.0,W_이용_L2_ver3.0
W,일학습병행자격,L3,이용_L3_ver3.0,W_이용_L3_ver3.0
W,일학습병행자격,L5,이용_L5_ver3.0,W_이용_L5_ver3.0
W,일학습병행자격,L5,인보험계약심사(언더라이팅)_L5_ver3.0,W_인보험계약심사(언더라이팅)_L5_ver3.0
W,일학습병행자격,L4,일식조리_L4_ver3.0,W_일식조리_L4_ver3.0
W,일학습병행자격,L2,임산물생산관리_L2_ver3.0,W_임산물생산관리_L2_ver3.0
W,일학습병행자격,L4,임산물생산관리_L4_ver3.0,W_임산물생산관리_L4_ver3.0
W,일학습병행자격,L4,임업종묘_L4_ver3.0,W_임업종묘_L4_ver3.0
W,일학습병행자격,L2,자동용접(서브머지드아크용접)_L2_ver3.0,W_자동용접(서브머지드아크용접)_L2_ver3.0
W,일학습병행자격,L4,자동용접(서브머지드아크용접)_L4_ver3.0,W_자동용접(서브머지드아크용접)_L4_ver3.0
W,일학습병행자격,L5,자동제어기기설계_L5_ver3.0,W_자동제어기기설계_L5_ver3.0
W,일학습병행자격,L3,자동제어기기제작_L3_ver3.0,W_자동제어기기제작_L3_ver3.0
W,일학습병행자격,L5,자동차시험평가_L5_ver3.0,W_자동차시험평가_L5_ver3.0
W,일학습병행자격,L2,자동차차체정비_L2_ver3.0,W_자동차차체정비_L2_ver3.0
W,일학습병행자격,L5,자산운용_L5_ver3.0,W_자산운용_L5_ver3.0
W,일학습병행자격,L3,장례시설관리_L3_ver3.0,W_장례시설관리_L3_ver3.0
W,일학습병행자격,L3,장례지도_L3_ver3.0,W_장례지도_L3_ver3.0
W,일학습병행자격,L5,재난방재조종_L5_ver3.0,W_재난방재조종_L5_ver3.0
W,일학습병행자격,L5,재무기획관리_L5_ver3.0,W_재무기획관리_L5_ver3.0
W,일학습병행자격,L5,재물보험계약심사(언더라이팅)_L5_ver3.0,W_재물보험계약심사(언더라이팅)_L5_ver3.0
W,일학습병행자격,L5,재물손해사정_L5_ver3.0,W_재물손해사정_L5_ver3.0
W,일학습병행자격,L5,전기감리_L5_ver3.0,W_전기감리_L5_ver3.0
W,일학습병행자격,L2,전기기기제작_L2_ver3.0,W_전기기기제작_L2_ver3.0
W,일학습병행자격,L3,전기기기제작_L3_ver3.0,W_전기기기제작_L3_ver3.0
W,일학습병행자격,L3,동력기계설치·정비_L3_ver3.0,W_동력기계설치·정비_L3_ver3.0
W,일학습병행자격,L5,화학물질분석_L5_ver3.0,W_화학물질분석_L5_ver3.0
W,일학습병행자격,L2,축산식품가공_L2_ver3.0,W_축산식품가공_L2_ver3.0
W,일학습병행자격,L2,음료제조가공_L2_ver3.0,W_음료제조가공_L2_ver3.0
W,일학습병행자격,L3,농산식품저장·유통_L3_ver3.0,W_농산식품저장·유통_L3_ver3.0
W,일학습병행자격,L2,제빵_L2_ver3.0,W_제빵_L2_ver3.0
W,일학습병행자격,L3,가구제작_L3_ver3.0,W_가구제작_L3_ver3.0
W,일학습병행자격,L5,기후대기관리_L5_ver3.0,W_기후대기관리_L5_ver3.0
W,일학습병행자격,L5,위해성관리_L5_ver3.0,W_위해성관리_L5_ver3.0
W,일학습병행자격,L3,생태복원관리_L3_ver3.0,W_생태복원관리_L3_ver3.0
W,일학습병행자격,L3,전기설계_L3_ver3.0,W_전기설계_L3_ver3.0
W,일학습병행자격,L5,전기설계_L5_ver3.0,W_전기설계_L5_ver3.0
W,일학습병행자격,L5,전기설비시공_L5_ver3.0,W_전기설비시공_L5_ver3.0
W,일학습병행자격,L2,전기시공_L2_ver3.0,W_전기시공_L2_ver3.0
W,일학습병행자격,L3,전기시공_L3_ver3.0,W_전기시공_L3_ver3.0
W,일학습병행자격,L5,전력계통감리_L5_ver3.0,W_전력계통감리_L5_ver3.0
W,일학습병행자격,L5,전력계통설계_L5_ver3.0,W_전력계통설계_L5_ver3.0
W,일학습병행자격,L2,전산응용기계설계_L2_ver3.0,W_전산응용기계설계_L2_ver3.0
W,일학습병행자격,L5,전자기기기구개발_L5_ver3.0,W_전자기기기구개발_L5_ver3.0
W,일학습병행자격,L4,전자기기기획_L4_ver3.0,W_전자기기기획_L4_ver3.0
W,일학습병행자격,L5,전자기기기획_L5_ver3.0,W_전자기기기획_L5_ver3.0
W,일학습병행자격,L4,전자기기생산_L4_ver3.0,W_전자기기생산_L4_ver3.0
W,일학습병행자격,L4,전자기기서비스_L4_ver3.0,W_전자기기서비스_L4_ver3.0
W,일학습병행자격,L5,전자기기하드웨어개발_L5_ver3.0,W_전자기기하드웨어개발_L5_ver3.0
W,일학습병행자격,L5,전직지원_L5_ver3.0,W_전직지원_L5_ver3.0
W,일학습병행자격,L2,정보통신선로시공_L2_ver3.0,W_정보통신선로시공_L2_ver3.0
W,일학습병행자격,L5,정보통신설계_L5_ver3.0,W_정보통신설계_L5_ver3.0
W,일학습병행자격,L4,정비기지시설물유지보수_L4_ver3.0,W_정비기지시설물유지보수_L4_ver3.0
W,일학습병행자격,L4,정수장운영관리_L4_ver3.0,W_정수장운영관리_L4_ver3.0
W,일학습병행자격,L3,젖소사육_L3_ver3.0,W_젖소사육_L3_ver3.0
W,일학습병행자격,L4,제강_L4_ver3.0,W_제강_L4_ver3.0
W,일학습병행자격,L4,제선_L4_ver3.0,W_제선_L4_ver3.0
W,일학습병행자격,L3,제직의류생산_L3_ver3.0,W_제직의류생산_L3_ver3.0
W,일학습병행자격,L3,제품디자인_L3_ver3.0,W_제품디자인_L3_ver3.0
W,일학습병행자격,L5,제품디자인_L5_ver3.0,W_제품디자인_L5_ver3.0
W,일학습병행자격,L3,종자유통_L3_ver3.0,W_종자유통_L3_ver3.0
W,일학습병행자격,L5,종자유통_L5_ver3.0,W_종자유통_L5_ver3.0
W,일학습병행자격,L5,종축_L5_ver3.0,W_종축_L5_ver3.0
W,일학습병행자격,L3,디지털디자인_L3_25V3,W_디지털디자인_L3_25V3
W,일학습병행자격,L3,헤어디자인_L3_25V3,W_헤어디자인_L3_25V3
W,일학습병행자격,L3,식음료서비스_L3_25V3,W_식음료서비스_L3_25V3
W,일학습병행자격,L2,측량·지리정보개발_L2_25V3,W_측량·지리정보개발_L2_25V3
W,일학습병행자격,L2,철근콘크리트·가설시공_L2_25V3,W_철근콘크리트·가설시공_L2_25V3
W,일학습병행자격,L3,자동차정비_L3_25V3,W_자동차정비_L3_25V3
W,일학습병행자격,L3,도자공예_L3_25V2,W_도자공예_L3_25V2
W,일학습병행자격,L5,바이오에너지생산기술_L5_25V2,W_바이오에너지생산기술_L5_25V2
W,일학습병행자격,L2,SW개발_L2_25V2,W_SW개발_L2_25V2
W,일학습병행자격,L5,총무·인사_L5_ver3.0,W_총무·인사_L5_ver3.0
W,일학습병행자격,L3,자동차차체도장_L3_ver3.0,W_자동차차체도장_L3_ver3.0
W,일학습병행자격,L2,주얼리머천다이징_L2_ver3.0,W_주얼리머천다이징_L2_ver3.0
W,일학습병행자격,L4,주얼리머천다이징_L4_ver3.0,W_주얼리머천다이징_L4_ver3.0
W,일학습병행자격,L3,주얼리캐드원형_L3_ver3.0,W_주얼리캐드원형_L3_ver3.0
W,일학습병행자격,L2,주조_L2_ver3.0,W_주조_L2_ver3.0
W,일학습병행자격,L4,주조_L4_ver3.0,W_주조_L4_ver3.0
W,일학습병행자격,L3,주택관리_L3_ver3.0,W_주택관리_L3_ver3.0
W,일학습병행자격,L5,주택관리_L5_ver3.0,W_주택관리_L5_ver3.0
W,일학습병행자격,L5,증권금융자산관리_L5_ver3.0,W_증권금융자산관리_L5_ver3.0
W,일학습병행자격,L2,중식조리_L2_ver3.0,W_중식조리_L2_ver3.0
W,일학습병행자격,L4,중식조리_L4_ver3.0,W_중식조리_L4_ver3.0
W,일학습병행자격,L3,지게차정비_L3_ver3.0,W_지게차정비_L3_ver3.0
W,일학습병행자격,L2,지게차조종_L2_ver3.0,W_지게차조종_L2_ver3.0
W,일학습병행자격,L2,지식재산사무_L2_ver3.0,W_지식재산사무_L2_ver3.0
W,일학습병행자격,L5,지식재산사무_L5_ver3.0,W_지식재산사무_L5_ver3.0
W,일학습병행자격,L5,직업상담_L5_ver3.0,W_직업상담_L5_ver3.0
W,일학습병행자격,L5,차량손해사정_L5_ver3.0,W_차량손해사정_L5_ver3.0
W,일학습병행자격,L2,창호시공_L2_ver3.0,W_창호시공_L2_ver3.0
W,일학습병행자격,L5,채권관리_L5_ver3.0,W_채권관리_L5_ver3.0
W,일학습병행자격,L3,채소재배_L3_ver3.0,W_채소재배_L3_ver3.0
W,일학습병행자격,L3,철강재시공_L3_ver3.0,W_철강재시공_L3_ver3.0
W,일학습병행자격,L2,철근콘크리트·가설시공_L2_ver3.0,W_철근콘크리트·가설시공_L2_ver3.0
W,일학습병행자격,L5,철도관제_L5_ver3.0,W_철도관제_L5_ver3.0
W,일학습병행자격,L4,철도선로시설물유지보수_L4_ver3.0,W_철도선로시설물유지보수_L4_ver3.0
W,일학습병행자격,L5,철도신호시공_L5_ver3.0,W_철도신호시공_L5_ver3.0
W,일학습병행자격,L4,철도운전_L4_ver3.0,W_철도운전_L4_ver3.0
W,일학습병행자격,L5,철도정보통신시설물유지보수_L5_ver3.0,W_철도정보통신시설물유지보수_L5_ver3.0
W,일학습병행자격,L5,철도차량설계_L5_ver3.0,W_철도차량설계_L5_ver3.0
W,일학습병행자격,L3,철도차량유지보수_L3_ver3.0,W_철도차량유지보수_L3_ver3.0
W,일학습병행자격,L5,철도차량유지보수_L5_ver3.0,W_철도차량유지보수_L5_ver3.0
W,일학습병행자격,L4,청소년상담복지_L4_ver3.0,W_청소년상담복지_L4_ver3.0
W,일학습병행자격,L3,축산식품저장·유통_L3_ver3.0,W_축산식품저장·유통_L3_ver3.0
W,일학습병행자격,L5,출판에디터_L5_ver3.0,W_출판에디터_L5_ver3.0
W,일학습병행자격,L5,출판콘텐츠연출가_L5_ver3.0,W_출판콘텐츠연출가_L5_ver3.0
W,일학습병행자격,L3,칠공예_L3_ver3.0,W_칠공예_L3_ver3.0
W,일학습병행자격,L3,세무·회계정보관리_L3_25V3,W_세무·회계정보관리_L3_25V3
W,일학습병행자격,L4,산업물류_L4_25V3,W_산업물류_L4_25V3
W,일학습병행자격,L5,생산관리_L5_25V3,W_생산관리_L5_25V3
W,일학습병행자격,L5,직업상담_L5_25V3,W_직업상담_L5_25V3
W,일학습병행자격,L2,전자기기소프트웨어개발_L2_ver3.0,W_전자기기소프트웨어개발_L2_ver3.0
W,일학습병행자격,L3,김치반찬가공_L3_ver1.0,W_김치반찬가공_L3_ver1.0
W,일학습병행자격,L2,비철금속제련(건식)_L2_ver1.0,W_비철금속제련(건식)_L2_ver1.0
W,일학습병행자격,L5,손해사정(신체)_L5_ver1.0,W_손해사정(신체)_L5_ver1.0
W,일학습병행자격,L6,IT프로젝트관리_L6_ver3.0,W_IT프로젝트관리_L6_ver3.0
W,일학습병행자격,L4,카지노기획개발_L4_ver3.0,W_카지노기획개발_L4_ver3.0
W,일학습병행자격,L3,카지노딜러_L3_ver3.0,W_카지노딜러_L3_ver3.0
W,일학습병행자격,L3,커플매니저_L3_ver3.0,W_커플매니저_L3_ver3.0
W,일학습병행자격,L2,콘크리트공기계조종_L2_ver3.0,W_콘크리트공기계조종_L2_ver3.0
W,일학습병행자격,L4,크루즈운영관리_L4_ver3.0,W_크루즈운영관리_L4_ver3.0
W,일학습병행자격,L3,태양광에너지생산기술_L3_ver3.0,W_태양광에너지생산기술_L3_ver3.0
W,일학습병행자격,L5,태양광에너지생산기술_L5_ver3.0,W_태양광에너지생산기술_L5_ver3.0
W,일학습병행자격,L5,태양열에너지생산기술_L5_ver3.0,W_태양열에너지생산기술_L5_ver3.0
W,일학습병행자격,L3,텍스타일디자인_L3_ver3.0,W_텍스타일디자인_L3_ver3.0
W,일학습병행자격,L2,토공장비조종_L2_ver3.0,W_토공장비조종_L2_ver3.0
W,일학습병행자격,L2,토공·포장_L2_ver3.0,W_토공·포장_L2_ver3.0
W,일학습병행자격,L5,토목시공관리_L5_ver3.0,W_토목시공관리_L5_ver3.0
W,일학습병행자격,L5,토양지하수관리_L5_ver3.0,W_토양지하수관리_L5_ver3.0
W,일학습병행자격,L5,투자금융(IB)_L5_ver3.0,W_투자금융(IB)_L5_ver3.0
W,일학습병행자격,L3,특수인쇄_L3_ver3.0,W_특수인쇄_L3_ver3.0
W,일학습병행자격,L3,판금제관_L3_ver3.0,W_판금제관_L3_ver3.0
W,일학습병행자격,L3,패션소품생산_L3_ver3.0,W_패션소품생산_L3_ver3.0
W,일학습병행자격,L2,패션제품유통_L2_ver3.0,W_패션제품유통_L2_ver3.0
W,일학습병행자격,L4,패션제품유통_L4_ver3.0,W_패션제품유통_L4_ver3.0
W,일학습병행자격,L5,패션제품유통_L5_ver3.0,W_패션제품유통_L5_ver3.0
W,일학습병행자격,L3,패턴메이킹_L3_ver3.0,W_패턴메이킹_L3_ver3.0
W,일학습병행자격,L5,패턴메이킹_L5_ver3.0,W_패턴메이킹_L5_ver3.0
W,일학습병행자격,L2,펄프·종이제조_L2_ver3.0,W_펄프·종이제조_L2_ver3.0
W,일학습병행자격,L4,펄프·종이제조_L4_ver3.0,W_펄프·종이제조_L4_ver3.0
W,일학습병행자격,L3,편직생산_L3_ver3.0,W_편직생산_L3_ver3.0
W,일학습병행자격,L5,편직생산_L5_ver3.0,W_편직생산_L5_ver3.0
W,일학습병행자격,L4,편직의류생산_L4_ver3.0,W_편직의류생산_L4_ver3.0
W,일학습병행자격,L3,편집디자이너_L3_ver3.0,W_편집디자이너_L3_ver3.0
W,일학습병행자격,L5,평생교육프로그램개발운영_L5_ver3.0,W_평생교육프로그램개발운영_L5_ver3.0
W,일학습병행자격,L2,평판인쇄_L2_ver3.0,W_평판인쇄_L2_ver3.0
W,일학습병행자격,L5,폐자원에너지생산기술_L5_ver3.0,W_폐자원에너지생산기술_L5_ver3.0
W,일학습병행자격,L5,품질경영_L5_ver3.0,W_품질경영_L5_ver3.0
W,일학습병행자격,L5,프레스금형설계_L5_ver3.0,W_프레스금형설계_L5_ver3.0
W,일학습병행자격,L4,프리프레스_L4_ver3.0,W_프리프레스_L4_ver3.0
W,일학습병행자격,L5,플라스틱사출성형품제조_L5_ver3.0,W_플라스틱사출성형품제조_L5_ver3.0
W,일학습병행자격,L3,수산식품가공(수산식품조미)_L3_ver1.0,W_수산식품가공(수산식품조미)_L3_ver1.0
W,일학습병행자격,L2,요양보호_L2_25V2,W_요양보호_L2_25V2
W,일학습병행자격,L3,총무·인사_L3_25V3,W_총무·인사_L3_25V3
W,일학습병행자격,L5,시각디자인_L5_25V3,W_시각디자인_L5_25V3
W,일학습병행자격,L4,플라즈마가공_L4_ver3.0,W_플라즈마가공_L4_ver3.0
W,일학습병행자격,L5,학습시스템개발전문가_L5_ver3.0,W_학습시스템개발전문가_L5_ver3.0
W,일학습병행자격,L5,학예_L5_ver3.0,W_학예_L5_ver3.0
W,일학습병행자격,L3,한복생산_L3_ver3.0,W_한복생산_L3_ver3.0
W,일학습병행자격,L2,한식조리_L2_ver3.0,W_한식조리_L2_ver3.0
W,일학습병행자격,L4,한식조리_L4_ver3.0,W_한식조리_L4_ver3.0
W,일학습병행자격,L3,합섬원사생산_L3_ver3.0,W_합섬원사생산_L3_ver3.0
W,일학습병행자격,L5,합섬원사생산_L5_ver3.0,W_합섬원사생산_L5_ver3.0
W,일학습병행자격,L5,항공기부품제작_L5_ver3.0,W_항공기부품제작_L5_ver3.0
W,일학습병행자격,L3,항공기전자장치정비_L3_ver3.0,W_항공기전자장치정비_L3_ver3.0
W,일학습병행자격,L5,항공기정비_L5_ver3.0,W_항공기정비_L5_ver3.0
W,일학습병행자격,L5,항공보안관리_L5_ver3.0,W_항공보안관리_L5_ver3.0
W,일학습병행자격,L4,항공안전관리_L4_ver3.0,W_항공안전관리_L4_ver3.0
W,일학습병행자격,L2,항만용크레인조종_L2_ver3.0,W_항만용크레인조종_L2_ver3.0
W,일학습병행자격,L3,해상교통관제_L3_ver3.0,W_해상교통관제_L3_ver3.0
W,일학습병행자격,L5,해상교통관제_L5_ver3.0,W_해상교통관제_L5_ver3.0
W,일학습병행자격,L3,해양관측측량_L3_ver3.0,W_해양관측측량_L3_ver3.0
W,일학습병행자격,L5,해양관측측량_L5_ver3.0,W_해양관측측량_L5_ver3.0
W,일학습병행자격,L5,해양생태분석_L5_ver3.0,W_해양생태분석_L5_ver3.0
W,일학습병행자격,L5,해양에너지생산기술_L5_ver3.0,W_해양에너지생산기술_L5_ver3.0
W,일학습병행자격,L5,해양자원탐사개발관리_L5_ver3.0,W_해양자원탐사개발관리_L5_ver3.0
W,일학습병행자격,L3,해양플랜트설치·운용관리_L3_ver3.0,W_해양플랜트설치·운용관리_L3_ver3.0
W,일학습병행자격,L5,해양플랜트설치·운용관리_L5_ver3.0,W_해양플랜트설치·운용관리_L5_ver3.0
W,일학습병행자격,L3,해양환경보전관리_L3_ver3.0,W_해양환경보전관리_L3_ver3.0
W,일학습병행자격,L5,헬리콥터정비_L5_ver3.0,W_헬리콥터정비_L5_ver3.0
W,일학습병행자격,L3,화장품제조_L3_ver3.0,W_화장품제조_L3_ver3.0
W,일학습병행자격,L5,화장품제조_L5_ver3.0,W_화장품제조_L5_ver3.0
W,일학습병행자격,L5,화학공정유지운영_L5_ver3.0,W_화학공정유지운영_L5_ver3.0
W,일학습병행자격,L5,화학물질취급관리_L5_ver3.0,W_화학물질취급관리_L5_ver3.0
W,일학습병행자격,L3,화훼재배_L3_ver3.0,W_화훼재배_L3_ver3.0
W,일학습병행자격,L3,환경디자인_L3_ver3.0,W_환경디자인_L3_ver3.0
W,일학습병행자격,L4,환경시설관리_L4_ver3.0,W_환경시설관리_L4_ver3.0
W,일학습병행자격,L2,석공예_L2_ver3.0,W_석공예_L2_ver3.0
W,일학습병행자격,L3,냉동공조운영관리_L3_ver3.0,W_냉동공조운영관리_L3_ver3.0
W,일학습병행자격,L5,측량·지리정보개발_L5_25V3,W_측량·지리정보개발_L5_25V3
W,일학습병행자격,L2,수동용접(CO2용접)_L2_25V3,W_수동용접(CO2용접)_L2_25V3
W,일학습병행자격,L2,세라믹제조_L2_25V3,W_세라믹제조_L2_25V3
W,일학습병행자격,L3,바이오의약품제조_L3_25V3,W_바이오의약품제조_L3_25V3
W,일학습병행자격,L5,바이오의약품제조_L5_25V3,W_바이오의약품제조_L5_25V3
W,일학습병행자격,L4,패션머천다이징_L4_25V3,W_패션머천다이징_L4_25V3
W,일학습병행자격,L3,자동제어기기제작_L3_25V3,W_자동제어기기제작_L3_25V3
W,일학습병행자격,L2,김치류제조가공_L2_25V3,W_김치류제조가공_L2_25V3
W,일학습병행자격,L2,음료제조가공_L2_25V3,W_음료제조가공_L2_25V3
W,일학습병행자격,L2,제빵_L2_25V3,W_제빵_L2_25V3
W,일학습병행자격,L5,기후대기관리_L5_25V3,W_기후대기관리_L5_25V3
W,일학습병행자격,L4,환경시설관리_L4_25V3,W_환경시설관리_L4_25V3
W,일학습병행자격,L6,디지털디자인디렉터_L6_25V3,W_디지털디자인디렉터_L6_25V3
W,일학습병행자격,L3,서비스·경험디자인_L3_25V2,W_서비스·경험디자인_L3_25V2
W,일학습병행자격,L3,카지노딜러_L3_25V2,W_카지노딜러_L3_25V2
W,일학습병행자격,L5,호텔관리_L5_25V2,W_호텔관리_L5_25V2
W,일학습병행자격,L3,바리스타_L3_25V2,W_바리스타_L3_25V2
W,일학습병행자격,L5,광산환경관리_L5_25V2,W_광산환경관리_L5_25V2
W,일학습병행자격,L3,냉동공조설계_L3_ver3.0,W_냉동공조설계_L3_ver3.0
W,일학습병행자격,L3,굴삭기정비_L3_ver3.0,W_굴삭기정비_L3_ver3.0
W,일학습병행자격,L3,레이저가공_L3_ver3.0,W_레이저가공_L3_ver3.0
W,일학습병행자격,L3,기계장치조립_L3_ver3.0,W_기계장치조립_L3_ver3.0
W,일학습병행자격,L3,전기철도신호시공_L3_ver3.0,W_전기철도신호시공_L3_ver3.0
W,일학습병행자격,L3,전자기기하드웨어개발_L3_ver3.0,W_전자기기하드웨어개발_L3_ver3.0
W,일학습병행자격,L5,전자기기소프트웨어개발_L5_ver3.0,W_전자기기소프트웨어개발_L5_ver3.0
W,일학습병행자격,L5,반도체장비개발_L5_ver3.0,W_반도체장비개발_L5_ver3.0
W,일학습병행자격,L3,반도체설계_L3_ver3.0,W_반도체설계_L3_ver3.0
W,일학습병행자격,L3,정보통신설비시공_L3_ver3.0,W_정보통신설비시공_L3_ver3.0
W,일학습병행자격,L4,무선통신설계_L4_ver3.0,W_무선통신설계_L4_ver3.0
W,일학습병행자격,L2,두부류제조가공_L2_ver3.0,W_두부류제조가공_L2_ver3.0
W,일학습병행자격,L5,풍력에너지생산기술_L5_ver3.0,W_풍력에너지생산기술_L5_ver3.0
W,일학습병행자격,L5,산업보건관리_L5_ver3.0,W_산업보건관리_L5_ver3.0
W,일학습병행자격,L3,어로관리_L3_ver3.0,W_어로관리_L3_ver3.0
W,일학습병행자격,L5,수산자원관리_L5_ver3.0,W_수산자원관리_L5_ver3.0
W,일학습병행자격,L6,디지털디자인디렉터_L6_ver3.0,W_디지털디자인디렉터_L6_ver3.0
W,일학습병행자격,L2,건설관리_L5_23V2,W_건설관리_L5_23V2
W,일학습병행자격,L4,전자기기생산_L4_23V2,W_전자기기생산_L4_23V2
W,일학습병행자격,L2,유리재료제조_L2_23V2,W_유리재료제조_L2_23V2
W,일학습병행자격,L4,유리재료제조_L4_23V2,W_유리재료제조_L4_23V2
W,일학습병행자격,L2,양식조리_L2_24V2,W_양식조리_L2_24V2
W,일학습병행자격,L2,중식조리_L2_24V2,W_중식조리_L2_24V2
W,일학습병행자격,L3,생산관리_L3_ver3.0,W_생산관리_L3_ver3.0
W,일학습병행자격,L3,마케팅·커뮤니케이션_L3_ver3.0,W_마케팅·커뮤니케이션_L3_ver3.0
W,일학습병행자격,L5,광고·홍보_L5_ver3.0,W_광고·홍보_L5_ver3.0
W,일학습병행자격,L5,마케팅전략기획_L5_ver3.0,W_마케팅전략기획_L5_ver3.0
W,일학습병행자격,L3,e-비지니스_L3_24V2,W_e-비지니스_L3_24V2
W,일학습병행자격,L5,매장판매_L5_24V2,W_매장판매_L5_24V2
W,일학습병행자격,L5,자동제어기기설계_L5_24V2,W_자동제어기기설계_L5_24V2
W,일학습병행자격,L5,전기설비시공_L5_24V2,W_전기설비시공_L5_24V2
W,일학습병행자격,L3,전기시공_L3_24V2,W_전기시공_L3_24V2
W,일학습병행자격,L5,전자기기기구개발_L5_24V2,W_전자기기기구개발_L5_24V2
W,일학습병행자격,L4,구내방송통신설계_L4_24V2,W_구내방송통신설계_L4_24V2
W,일학습병행자격,L4,무선통신설계_L4_24V2,W_무선통신설계_L4_24V2
W,일학습병행자격,L3,무선통신시공_L3_24V2,W_무선통신시공_L3_24V2
W,일학습병행자격,L3,무선통신운용_L3_24V2,W_무선통신운용_L3_24V2
W,일학습병행자격,L5,정보통신설계_L5_24V2,W_정보통신설계_L5_24V2
W,일학습병행자격,L2,통신기기운용_L2_24V2,W_통신기기운용_L2_24V2
W,일학습병행자격,L5,식품가공연구개발_L5_24V2,W_식품가공연구개발_L5_24V2
W,일학습병행자격,L3,유가공_L3_24V2,W_유가공_L3_24V2
W,일학습병행자격,L3,주류제조가공_L3_24V2,W_주류제조가공_L3_24V2
W,일학습병행자격,L3,가구제작_L3_24V2,W_가구제작_L3_24V2
W,일학습병행자격,L5,소음진동관리_L5_24V2,W_소음진동관리_L5_24V2
W,일학습병행자격,L4,정수장운영관리_L4_24V2,W_정수장운영관리_L4_24V2
W,일학습병행자격,L3,산업안전관리_L3_24V2,W_산업안전관리_L3_24V2
W,일학습병행자격,L3,종자유통_L3_24V2,W_종자유통_L3_24V2
W,일학습병행자격,L5,종자유통_L5_24V2,W_종자유통_L5_24V2
W,일학습병행자격,L4,선수스포츠지도_L4_24V1,W_선수스포츠지도_L4_24V1
W,일학습병행자격,L3,전기자동차정비_L3_24V1,W_전기자동차정비_L3_24V1
W,일학습병행자격,L2,SW개발_L2_24V1,W_SW개발_L2_24V1
W,일학습병행자격,L3,반도체재료제조_L3_24V1,W_반도체재료제조_L3_24V1
W,일학습병행자격,L3,캐릭터제작_L3_ver3.0,W_캐릭터제작_L3_ver3.0
W,일학습병행자격,L3,보안경비_L3_ver3.0,W_보안경비_L3_ver3.0
W,일학습병행자격,L2,피부관리_L2_ver3.0,W_피부관리_L2_ver3.0
W,일학습병행자격,L5,호텔관리_L5_ver3.0,W_호텔관리_L5_ver3.0
W,일학습병행자격,L3,식음료서비스_L3_ver3.0,W_식음료서비스_L3_ver3.0
W,일학습병행자격,L3,수출입관리_L3_ver3.0,W_수출입관리_L3_ver3.0
W,일학습병행자격,L3,품질경영_L3_ver3.0,W_품질경영_L3_ver3.0
W,일학습병행자격,L3,금융업무관리_L3_ver3.0,W_금융업무관리_L3_ver3.0
W,일학습병행자격,L5,사회복지서비스_L5_ver3.0,W_사회복지서비스_L5_ver3.0
W,일학습병행자격,L3,디지털디자인_L3_ver3.0,W_디지털디자인_L3_ver3.0
W,일학습병행자격,L5,서비스·경험디자인_L5_ver3.0,W_서비스·경험디자인_L5_ver3.0
W,일학습병행자격,L5,e-비지니스_L5_ver3.0,W_e-비지니스_L5_ver3.0
W,일학습병행자격,L3,네일미용_L3_ver3.0,W_네일미용_L3_ver3.0
W,일학습병행자격,L3,바텐더_L3_ver3.0,W_바텐더_L3_ver3.0
W,일학습병행자격,L5,건설관리_L5_ver3.0,W_건설관리_L5_ver3.0
W,일학습병행자격,L3,건축설계_L3_ver3.0,W_건축설계_L3_ver3.0
W,일학습병행자격,L5,건축구조설계_L5_ver3.0,W_건축구조설계_L5_ver3.0
W,일학습병행자격,L3,기계요소설계_L3_ver3.0,W_기계요소설계_L3_ver3.0
W,일학습병행자격,L5,기계제어설계_L5_ver3.0,W_기계제어설계_L5_ver3.0
W,일학습병행자격,L2,선반가공_L2_ver3.0,W_선반가공_L2_ver3.0
W,일학습병행자격,L2,밀링가공_L2_ver3.0,W_밀링가공_L2_ver3.0
W,일학습병행자격,L3,CNC선반가공_L3_ver3.0,W_CNC선반가공_L3_ver3.0
W,일학습병행자격,L2,목공·수장시공_L2_ver3.0,W_목공·수장시공_L2_ver3.0
W,일학습병행자격,L2,단열시공_L2_ver3.0,W_단열시공_L2_ver3.0
W,일학습병행자격,L3,산업환경전기·계측제어설비_L3_ver3.0,W_산업환경전기·계측제어설비_L3_ver3.0
W,일학습병행자격,L2,건설기계정비_L2_ver3.0,W_건설기계정비_L2_ver3.0
W,일학습병행자격,L2,건설용크레인조종_L2_ver3.0,W_건설용크레인조종_L2_ver3.0
W,일학습병행자격,L2,일식조리_L2_ver3.0,W_일식조리_L2_ver3.0
W,일학습병행자격,L3,바리스타_L3_ver3.0,W_바리스타_L3_ver3.0
W,일학습병행자격,L3,토목·건축관리_L3_ver3.0,W_토목·건축관리_L3_ver3.0
W,일학습병행자격,L5,건축설계_L5_ver3.0,W_건축설계_L5_ver3.0
W,일학습병행자격,L3,건축설비_L3_ver3.0,W_건축설비_L3_ver3.0
W,일학습병행자격,L5,건축설비_L5_ver3.0,W_건축설비_L5_ver3.0
W,일학습병행자격,L5,조경_L5_ver3.0,W_조경_L5_ver3.0
W,일학습병행자격,L3,CNC밀링가공_L3_ver3.0,W_CNC밀링가공_L3_ver3.0
W,일학습병행자격,L2,기계요소조립_L2_ver3.0,W_기계요소조립_L2_ver3.0
W,일학습병행자격,L5,의료기관의료기기안전관리_L5_24V2,W_의료기관의료기기안전관리_L5_24V2
W,일학습병행자격,L5,마케팅통계분석_L5_ver3.0,W_마케팅통계분석_L5_ver3.0
W,일학습병행자격,L5,기계생산관리_L5_ver3.0,W_기계생산관리_L5_ver3.0
W,일학습병행자격,L3,스마트팩토리시스템설치_L3_23V1,W_스마트팩토리시스템설치_L3_23V1
W,일학습병행자격,L5,측량·지리정보개발_L5_ver3.0,W_측량·지리정보개발_L5_ver3.0
W,일학습병행자격,L3,무선통신운용_L3_ver3.0,W_무선통신운용_L3_ver3.0
W,일학습병행자격,L5,생산관리_L5_ver3.0,W_생산관리_L5_ver3.0
W,일학습병행자격,L3,소방공사관리_L3_ver3.0,W_소방공사관리_L3_ver3.0
W,일학습병행자격,L3,의료코디네이터_L3_ver3.0,W_의료코디네이터_L3_ver3.0
W,일학습병행자격,L3,공연음향_L3_ver3.0,W_공연음향_L3_ver3.0
W,일학습병행자격,L3,실내디자인_L3_ver3.0,W_실내디자인_L3_ver3.0
W,일학습병행자격,L2,산업용크레인조종_L2_ver3.0,W_산업용크레인조종_L2_ver3.0
W,일학습병행자격,L4,구조해석설계_L4_ver3.0,W_구조해석설계_L4_ver3.0
W,일학습병행자격,L3,총무·인사_L3_24V2,W_총무·인사_L3_24V2
W,일학습병행자격,L2,선박선체건조_L2_23V3,W_선박선체건조_L2_23V3
W,일학습병행자격,L5,전자기기하드웨어개발_L5_23V2,W_전자기기하드웨어개발_L5_23V2
W,일학습병행자격,L3,프레스금형제작_L3_ver3.0,W_프레스금형제작_L3_ver3.0
W,일학습병행자격,L3,와이어방전가공_L3_ver3.0,W_와이어방전가공_L3_ver3.0
W,일학습병행자격,L5,자동차설계_L5_ver3.0,W_자동차설계_L5_ver3.0
W,일학습병행자격,L3,퍼스널트레이닝_L3_ver3.0,W_퍼스널트레이닝_L3_ver3.0
W,일학습병행자격,L3,호텔식음료서비스_L3_ver3.0,W_호텔식음료서비스_L3_ver3.0
W,일학습병행자격,L5,실내디자인_L5_ver3.0,W_실내디자인_L5_ver3.0
W,일학습병행자격,L3,스마트팩토리시스템관리_L3_23V1,W_스마트팩토리시스템관리_L3_23V1
W,일학습병행자격,L4,헤어디자인_L4_23V1,W_헤어디자인_L4_23V1
W,일학습병행자격,L2,건설용크레인조종_L2_23V2,W_건설용크레인조종_L2_23V2
W,일학습병행자격,L4,구조해석설계_L4_23V2,W_구조해석설계_L4_23V2
W,일학습병행자격,L3,금속재료평가_L3_23V2,W_금속재료평가_L3_23V2
W,일학습병행자격,L5,신체손해사정_L5_23V2,W_신체손해사정_L5_23V2
W,일학습병행자격,L3,선박시운전정비_L3_23V2,W_선박시운전정비_L3_23V2
W,일학습병행자격,L3,워터젯가공_L3_ver3.0,W_워터젯가공_L3_ver3.0
W,일학습병행자격,L5,뷰티디자인전문_L5_24V2,W_뷰티디자인전문_L5_24V2
W,일학습병행자격,L5,컨벤션기획_L5_24V2,W_컨벤션기획_L5_24V2
W,일학습병행자격,L4,스포츠클럽관리_L4_24V2,W_스포츠클럽관리_L4_24V2
W,일학습병행자격,L4,양식조리_L4_24V2,W_양식조리_L4_24V2
W,일학습병행자격,L4,일식조리_L4_24V2,W_일식조리_L4_24V2
W,일학습병행자격,L2,한식조리_L2_24V2,W_한식조리_L2_24V2
W,일학습병행자격,L4,한식조리_L4_24V2,W_한식조리_L4_24V2
W,일학습병행자격,L5,매장판매_L5_ver3.0,W_매장판매_L5_ver3.0
W,일학습병행자격,L5,네일미용_L5_ver3.0,W_네일미용_L5_ver3.0
W,일학습병행자격,L5,뷰티디자인전문_L5_ver3.0,W_뷰티디자인전문_L5_ver3.0
W,일학습병행자격,L2,천공기조종_L2_ver3.0,W_천공기조종_L2_ver3.0
W,일학습병행자격,L3,기계장치제어_L3_ver3.0,W_기계장치제어_L3_ver3.0
W,일학습병행자격,L4,기계생산관리_L4_ver3.0,W_기계생산관리_L4_ver3.0
W,일학습병행자격,L4,산업물류_L4_ver3.0,W_산업물류_L4_ver3.0
W,일학습병행자격,L3,미장문화재보수_L3_ver3.0,W_미장문화재보수_L3_ver3.0
W,일학습병행자격,L4,수동용접(가스메탈아크용접)_L4_ver3.0,W_수동용접(가스메탈아크용접)_L4_ver3.0
W,일학습병행자격,L4,열간압연_L4_ver3.0,W_열간압연_L4_ver3.0
W,일학습병행자격,L3,항공객실서비스_L3_ver3.0,W_항공객실서비스_L3_ver3.0
W,일학습병행자격,L5,환경영향평가_L5_ver3.0,W_환경영향평가_L5_ver3.0
